"partid","NEO_A","NEO_C","NEO_E","NEO_N","NEO_O","STAI_trait","t_diff"
64000401,29,31,33,14,32,33,145670400
64004701,39,17,22,31,36,53,171846000
64006401,27,13,32,9,33,37,163814400
64006901,39,41,38,8,41,26,149727600
64007901,33,41,38,8,36,30,149554800
64008701,33,35,25,16,31,41,159494400
64011501,36,27,41,12,26,29,162255600
64015601,36,34,29,27,27,44,155692800
64016901,33,36,31,11,39,37,180230400
64018301,23,27,26,27,28,40,130633200
64020401,32,42,30,15,23,32,148694400
64020501,38,21,32,24,30,40,145843200
64021901,18,20,13,33,27,52,123033600
64022901,27,30,34,15,22,32,126576000
64025601,31,12,33,26,33,44,171849600
64026901,27,27,40,21,37,35,151894800
64027801,39,47,32,13,22,26,135129600
64029901,24,29,26,29,22,45,125884800
64031301,33,30,22,26,25,45,129168000
64034901,40,28,32,25,41,34,123206400
64036201,27,30,39,4,25,27,121564800
64036701,42,31,40,17,35,29,120009600
64037701,24,27,29,18,28,37,174186000
64039601,34,32,28,14,26,31,123724800
64042701,33,41,28,17,35,46,116121600
64046301,37,40,26,16,23,39,125107200
64047801,31,34,17,29,29,43,123379200
64049601,37,27,35,28,41,46,113875200
64049701,24,26,24,38,44,56,116035200
64051301,35,31,38,13,25,40,116899200
64051501,32,34,35,18,40,38,121132800
64052901,34,43,27,11,24,29,141091200
64053701,37,36,34,13,28,30,122425200
64055001,22,36,22,27,32,57,125362800
64056701,34,26,33,8,31,29,143766000
64057101,29,31,27,22,23,40,126489600
64057201,32,33,29,30,31,49,113698800
64057901,NA,NA,NA,NA,NA,NA,NA
64058101,27,27,28,22,28,38,113698800
64058701,34,40,29,29,33,41,115513200
64059001,34,39,32,21,34,29,104022000
64060701,24,32,26,27,34,45,114303600
64061701,29,24,28,19,29,41,114303600
64061901,28,35,32,26,34,48,127180800
64063501,35,26,33,14,46,35,112834800
64063601,NA,NA,NA,NA,NA,NA,NA
64066601,29,31,32,28,25,49,102380400
64067701,33,27,32,14,28,29,101779200
64068201,37,31,38,14,30,32,127008000
64069001,27,35,40,16,35,34,119235600
64069401,32,39,25,18,28,36,141523200
64069501,35,26,17,25,32,52,100742400
64069601,32,23,33,22,31,40,102211200
64070201,36,42,31,19,29,40,125452800
64070601,25,28,24,15,23,35,137376000
64071401,37,24,18,15,35,32,125193600
64072601,27,34,28,23,36,33,106963200
64072701,31,21,29,29,38,48,98496000
64072901,33,34,36,21,31,34,107827200
64073001,29,43,34,24,37,52,118544400
64073201,18,35,27,15,30,34,153190800
64073501,41,33,43,7,39,25,98755200
64075601,33,39,38,12,31,24,102211200
64075801,27,36,33,20,17,35,102556800
64076301,29,34,38,10,36,23,103939200
64079401,24,31,21,16,40,38,105411600
64079601,30,32,23,19,36,37,92707200
64079801,33,35,33,14,36,26,126144000
64080101,32,33,34,12,37,25,91324800
64081701,25,16,26,23,38,42,96336000
64082001,32,35,26,28,30,45,115948800
64082301,43,38,37,6,44,26,92361600
64083001,40,12,14,28,26,42,94953600
64083901,32,37,26,17,41,38,99709200
64084601,33,19,27,27,28,46,129686400
64085501,NA,NA,NA,NA,NA,NA,NA
64086301,30,40,39,22,36,41,105757200
64088601,37,29,34,11,29,30,90633600
64089401,38,15,32,16,31,37,109728000
64089701,29,19,21,35,20,58,89942400
64090101,32,38,30,28,35,39,89424000
64090301,32,33,28,16,37,31,107226000
64090901,32,24,34,21,27,41,129171600
64092901,36,30,30,17,28,39,88905600
64093501,NA,NA,NA,NA,NA,41,122166000
64094201,NA,NA,NA,NA,NA,NA,NA
64096601,34,39,24,18,30,42,86396400
64098201,29,35,28,21,41,39,118018800
64099201,35,36,32,15,27,26,82335600
64100101,26,5,17,35,33,57,105750000
64100701,32,36,27,20,40,35,74818800
64100901,30,24,28,26,29,43,103330800
64101101,31,33,33,17,33,30,76287600
64102101,29,22,27,21,34,41,82335600
64102401,33,35,28,27,30,48,87782400
64102801,33,32,34,5,30,34,76719600
64103301,31,31,22,26,30,45,75596400
64103801,26,26,28,23,43,40,88041600
64104501,26,26,34,29,29,42,79484400
64104601,36,35,24,17,30,31,74646000
64105101,29,35,30,28,30,35,78534000
64109601,39,35,35,23,30,31,104540400
64110701,45,27,40,10,33,27,72486000
64111001,40,38,34,13,31,29,112575600
64111201,29,34,31,17,32,28,105404400
64112901,31,33,39,11,40,29,109810800
64113001,33,37,25,13,34,NA,90374400
64114801,36,33,24,26,31,42,68169600
64115101,32,29,31,15,33,36,99619200
64115601,33,34,34,16,37,36,102988800
64116101,35,43,31,19,20,30,73267200
64116201,38,36,37,18,19,35,112064400
64116301,37,37,39,16,29,28,72230400
64116901,32,33,26,21,24,48,88909200
64117601,31,36,36,11,18,28,63590400
64118001,29,33,20,27,33,41,75427200
64118401,30,34,16,16,40,32,63158400
64118601,35,30,29,16,23,36,67132800
64120001,36,41,33,17,32,28,97977600
64120201,33,36,34,17,22,25,61084800
64120701,37,26,33,28,39,52,97372800
64121001,21,19,19,26,22,57,92016000
64121601,30,36,24,12,32,22,53568000
64122901,43,12,25,20,35,45,93312000
64124501,34,42,31,11,34,30,51235200
64125001,41,21,24,20,30,30,96163200
64125601,42,40,20,31,37,40,103424400
64126601,21,23,32,21,40,37,49852800
64126701,32,31,27,21,28,34,92016000
64127001,40,33,20,41,26,64,52012800
64127201,36,32,34,16,38,40,50803200
64127301,36,29,25,18,37,37,49075200
64129001,44,30,19,25,28,40,58579200
64129201,38,35,35,12,37,28,94608000
64129701,40,25,32,16,37,31,52099200
64130101,30,30,17,10,32,29,86486400
64130201,30,29,21,30,35,51,52358400
64130901,32,35,26,14,19,35,47084400
64131001,38,28,24,27,38,39,53305200
64131501,26,31,29,22,25,40,48898800
64134301,32,24,25,14,19,31,69206400
64134801,28,25,31,24,23,40,44838000
64135001,34,37,39,21,44,38,70761600
64136701,34,19,20,22,32,43,47602800
64136801,32,20,21,38,39,59,67478400
64137401,36,36,24,15,32,31,97804800
64138101,35,18,35,22,36,41,40345200
64138301,33,36,33,19,27,42,40604400
64139201,28,37,14,32,27,56,50799600
64139301,27,25,13,29,36,54,65059200
64139401,31,36,27,22,34,45,65923200
64141301,40,25,42,16,41,32,42418800
64141701,31,32,29,14,22,29,69462000
64142601,33,31,22,21,41,37,39049200
64143401,31,27,37,18,21,35,92966400
64144101,35,32,29,18,39,42,44406000
64144501,33,24,26,17,42,37,63590400
64144601,32,33,32,17,29,34,79311600
64146301,38,32,40,19,32,28,82076400
64146901,28,16,37,12,25,34,79311600
64148301,38,28,29,23,22,41,38185200
64148601,28,36,37,24,24,30,46479600
64148801,19,27,18,28,34,45,37494000
64149401,25,25,36,26,23,39,39740400
64149901,33,27,26,19,38,42,70066800
64150101,30,44,27,25,37,58,61430400
64150401,27,24,29,13,26,32,34732800
64151401,35,32,30,11,36,33,83293200
64152701,31,22,30,16,35,31,34128000
64153601,35,19,14,20,36,40,70329600
64153801,37,29,25,21,34,31,66355200
64154201,27,28,22,29,28,52,33264000
64154401,29,41,34,12,22,27,31708800
64154501,38,30,34,20,32,33,31104000
64154901,33,37,28,27,25,46,28944000
64155101,36,37,24,33,25,53,28512000
64155301,24,20,31,24,31,42,28684800
64156501,29,30,23,28,20,47,74217600
64156901,33,32,19,32,37,46,44154000
64157801,36,28,29,21,40,39,23587200
64158001,27,32,25,19,27,36,20390400
64158201,26,40,37,2,43,26,56160000
64159301,35,32,31,22,27,35,66009600
64160101,32,33,24,29,35,50,42944400
64161401,25,23,15,34,27,52,66186000
64161601,30,26,31,24,25,42,32227200
64162001,39,24,31,15,42,33,32054400
64162701,34,26,33,16,29,36,26697600
64163801,21,33,22,21,30,39,33350400
64164801,36,38,28,22,28,40,32745600
64165001,22,43,31,27,34,47,29026800
64165601,35,39,36,8,28,27,38102400
64165701,35,39,35,12,32,27,25484400
64166501,31,34,35,23,21,36,27990000
64166701,26,23,30,16,39,42,28681200
64167601,34,29,28,12,37,30,37411200
64167801,39,26,25,10,39,26,37411200
64167901,24,31,29,10,31,28,27212400
64168101,40,40,36,10,32,36,26611200
64169101,40,33,29,23,28,38,34387200
64170001,27,33,29,17,19,33,39222000
64170601,30,36,23,13,30,37,22550400
64171101,29,33,30,31,25,26,24883200
64171601,34,32,19,18,30,42,21772800
64171801,33,39,26,24,27,36,18918000
64172901,32,34,40,15,20,32,37753200
64173401,31,36,31,19,27,32,30240000
64173601,28,20,32,18,28,39,57283200
64174501,42,24,36,25,33,28,48294000
64174801,30,31,26,25,30,45,48466800
64174901,35,19,33,24,31,43,44924400
64175001,37,26,30,23,30,37,25488000
64175101,41,28,33,19,37,32,22032000
64176001,33,29,23,24,40,35,37152000
64176201,37,34,35,15,31,29,30416400
64176401,31,32,37,9,30,29,30931200
64176501,36,24,26,21,43,31,34041600
64176601,35,30,22,6,43,32,28684800
64176801,32,33,36,28,31,46,53744400
64177901,19,24,20,31,31,55,26614800
64178801,28,35,30,16,33,34,42422400
64179101,33,35,39,14,28,29,33955200
64179301,44,38,36,16,39,34,26784000
64179701,32,30,39,19,33,38,29894400
64180001,37,36,34,10,28,27,41644800
64180601,33,31,31,10,25,27,25574400
64181101,39,35,21,14,28,32,21862800
64181301,32,37,25,26,20,34,28598400
64181801,27,31,22,17,38,37,20566800
64181901,13,37,30,14,32,41,18666000
64182001,30,21,23,18,22,45,29721600
64182201,33,39,25,21,32,34,23760000
64182301,28,32,31,13,30,39,23760000
64182501,34,37,34,17,28,34,22554000
64182701,34,29,23,31,31,45,36374400
64182801,40,33,35,26,22,40,23328000
64183001,36,33,29,13,31,32,18838800
64183101,33,31,30,20,23,38,29548800
64183201,36,36,21,18,30,41,53308800
64183301,37,19,32,18,22,37,26784000
64183501,40,35,34,14,20,29,26784000
64184101,22,32,29,27,26,49,21427200
64184701,21,36,32,28,34,39,23068800
64184901,26,24,21,20,13,28,26006400
64185101,23,31,20,32,27,53,21340800
64186001,41,41,38,18,37,36,20044800
64186401,31,35,19,24,35,46,20304000
64186801,32,37,39,13,32,35,21254400
64187001,37,26,36,21,42,36,16938000
64187101,27,43,27,8,41,35,16938000
64187301,33,27,28,18,36,40,31708800
64188401,41,37,29,8,26,27,20131200
64188901,33,22,37,23,45,31,30758400
64189101,37,35,30,20,31,39,17625600
64189201,32,36,39,19,34,46,28512000
64190101,36,38,35,17,34,32,20563200
64190201,28,39,29,40,29,64,23846400
64190401,38,19,24,29,33,43,26611200
64190501,30,21,14,24,31,59,16848000
64191901,30,32,27,25,26,43,20732400
64192101,35,29,22,22,24,37,17535600
64192801,30,44,37,23,30,42,41558400
64193501,35,40,23,22,36,43,30931200
64193601,31,28,32,15,36,36,23670000
64194201,37,30,24,7,37,26,19954800
64194501,28,19,29,23,45,39,22633200
64194701,31,20,15,22,35,46,27302400
64195101,28,23,26,22,27,48,19004400
64195201,37,42,30,11,31,32,22892400
64195501,39,19,38,29,41,43,26524800
64195601,31,30,28,17,39,36,36979200
64196601,31,35,14,32,35,59,25488000
64196701,31,22,33,26,37,44,26006400
64197801,34,24,33,12,35,20,33264000
64198101,24,29,29,32,29,52,33264000
64198701,30,16,29,24,35,30,30326400
64199201,36,33,36,14,33,36,23500800
64199301,22,25,15,31,26,52,21340800
64199601,29,28,22,15,26,29,18226800
64200501,25,20,35,34,41,56,20563200
64200601,35,44,33,10,37,26,31968000
64200901,36,32,34,11,40,33,17017200
64202001,36,28,29,23,34,34,27133200
64202201,41,39,37,4,31,22,18147600
64202501,NA,25,28,23,NA,41,26010000
64202601,38,25,24,29,38,40,30070800
64202701,36,39,37,12,36,42,26528400
64202901,14,15,20,21,20,47,24282000
64204201,23,23,38,35,41,49,21949200
64204501,23,11,22,24,35,49,27219600
64204601,32,35,21,28,23,51,20566800
64204701,34,40,41,5,32,22,22640400
64205801,NA,NA,NA,NA,NA,34,22467600
64205901,NA,NA,NA,NA,NA,23,24886800
64206701,NA,NA,NA,NA,NA,34,22381200
64207301,NA,NA,NA,NA,NA,53,19443600
64207801,NA,NA,NA,NA,NA,34,17802000
64207901,NA,NA,NA,NA,NA,41,21258000
64209301,NA,NA,NA,NA,NA,33,20826000
64211001,NA,NA,NA,NA,NA,36,19011600
64212701,NA,NA,NA,NA,NA,40,17974800
65000201,NA,NA,NA,NA,NA,NA,NA
65000301,NA,NA,NA,NA,NA,NA,NA
65000501,NA,NA,NA,NA,NA,NA,NA
65000601,NA,NA,NA,NA,NA,NA,NA
65000701,NA,NA,NA,NA,NA,NA,NA
65000801,NA,NA,NA,NA,NA,NA,NA
65000901,NA,NA,NA,NA,NA,NA,NA
65001001,NA,NA,NA,NA,NA,NA,NA
65001101,NA,NA,NA,NA,NA,NA,NA
65001201,NA,NA,NA,NA,NA,NA,NA
65001301,NA,NA,NA,NA,NA,NA,NA
65001401,NA,NA,NA,NA,NA,NA,NA
65001501,NA,NA,NA,NA,NA,NA,NA
65001601,NA,NA,NA,NA,NA,NA,NA
65001701,NA,NA,NA,NA,NA,NA,NA
65001801,NA,NA,NA,NA,NA,NA,NA
65001901,NA,NA,NA,NA,NA,NA,NA
65002001,NA,NA,NA,NA,NA,NA,NA
65002101,NA,NA,NA,NA,NA,NA,NA
65002201,NA,NA,NA,NA,NA,NA,NA
65002301,NA,NA,NA,NA,NA,NA,NA
65002401,NA,NA,NA,NA,NA,NA,NA
65002501,NA,NA,NA,NA,NA,NA,NA
65002601,NA,NA,NA,NA,NA,NA,NA
65002701,NA,NA,NA,NA,NA,NA,NA
65002801,NA,NA,NA,NA,NA,NA,NA
65002901,NA,NA,NA,NA,NA,NA,NA
65003001,NA,NA,NA,NA,NA,NA,NA
65003101,NA,NA,NA,NA,NA,NA,NA
65003201,NA,NA,NA,NA,NA,NA,NA
65003301,NA,NA,NA,NA,NA,NA,NA
65003401,NA,NA,NA,NA,NA,NA,NA
65003501,NA,NA,NA,NA,NA,NA,NA
65003601,NA,NA,NA,NA,NA,NA,NA
65003701,NA,NA,NA,NA,NA,NA,NA
65003801,NA,NA,NA,NA,NA,NA,NA
65003901,NA,NA,NA,NA,NA,NA,NA
65004001,NA,NA,NA,NA,NA,NA,NA
65004101,NA,NA,NA,NA,NA,NA,NA
65004201,NA,NA,NA,NA,NA,NA,NA
65004301,NA,NA,NA,NA,NA,NA,NA
65004401,NA,NA,NA,NA,NA,NA,NA
65004501,NA,NA,NA,NA,NA,NA,NA
65004601,NA,NA,NA,NA,NA,NA,NA
65004701,NA,NA,NA,NA,NA,NA,NA
65004801,NA,NA,NA,NA,NA,NA,NA
65004901,NA,NA,NA,NA,NA,NA,NA
65005001,NA,NA,NA,NA,NA,NA,NA
65005101,NA,NA,NA,NA,NA,NA,NA
65005201,NA,NA,NA,NA,NA,NA,NA
65005301,NA,NA,NA,NA,NA,NA,NA
65005401,NA,NA,NA,NA,NA,NA,NA
65005501,NA,NA,NA,NA,NA,NA,NA
65005601,NA,NA,NA,NA,NA,NA,NA
65005701,NA,NA,NA,NA,NA,NA,NA
65005801,NA,NA,NA,NA,NA,NA,NA
65005901,NA,NA,NA,NA,NA,NA,NA
65006001,NA,NA,NA,NA,NA,NA,NA
65006101,NA,NA,NA,NA,NA,NA,NA
65006201,NA,NA,NA,NA,NA,NA,NA
65006301,NA,NA,NA,NA,NA,NA,NA
65006401,NA,NA,NA,NA,NA,NA,NA
65006501,NA,NA,NA,NA,NA,NA,NA
65006601,NA,NA,NA,NA,NA,NA,NA
65006701,NA,NA,NA,NA,NA,NA,NA
65006801,NA,NA,NA,NA,NA,NA,NA
65006901,NA,NA,NA,NA,NA,NA,NA
65007001,NA,NA,NA,NA,NA,NA,NA
65007101,NA,NA,NA,NA,NA,NA,NA
65007201,NA,NA,NA,NA,NA,NA,NA
65007301,NA,NA,NA,NA,NA,NA,NA
65007401,NA,NA,NA,NA,NA,NA,NA
65007501,NA,NA,NA,NA,NA,NA,NA
65007601,NA,NA,NA,NA,NA,NA,NA
65007701,NA,NA,NA,NA,NA,NA,NA
65007801,NA,NA,NA,NA,NA,NA,NA
65007901,NA,NA,NA,NA,NA,NA,NA
65008001,NA,NA,NA,NA,NA,NA,NA
65008101,NA,NA,NA,NA,NA,NA,NA
65008201,NA,NA,NA,NA,NA,NA,NA
65008301,NA,NA,NA,NA,NA,NA,NA
65008401,NA,NA,NA,NA,NA,NA,NA
65008501,NA,NA,NA,NA,NA,NA,NA
65008601,NA,NA,NA,NA,NA,NA,NA
65008701,NA,NA,NA,NA,NA,NA,NA
65008901,NA,NA,NA,NA,NA,NA,NA
65009001,NA,NA,NA,NA,NA,NA,NA
65009101,NA,NA,NA,NA,NA,NA,NA
65009201,NA,NA,NA,NA,NA,NA,NA
65009301,NA,NA,NA,NA,NA,NA,NA
65009401,NA,NA,NA,NA,NA,NA,NA
65009501,NA,NA,NA,NA,NA,NA,NA
65009601,NA,NA,NA,NA,NA,NA,NA
65009701,NA,NA,NA,NA,NA,NA,NA
65009801,NA,NA,NA,NA,NA,NA,NA
65009901,NA,NA,NA,NA,NA,NA,NA
65010001,NA,NA,NA,NA,NA,NA,NA
65010101,NA,NA,NA,NA,NA,NA,NA
65010201,NA,NA,NA,NA,NA,NA,NA
65010301,NA,NA,NA,NA,NA,NA,NA
65010401,NA,NA,NA,NA,NA,NA,NA
65010601,NA,NA,NA,NA,NA,NA,NA
65011001,NA,NA,NA,NA,NA,NA,NA
65011101,NA,NA,NA,NA,NA,NA,NA
65011201,NA,NA,NA,NA,NA,NA,NA
65011301,NA,NA,NA,NA,NA,NA,NA
65011401,NA,NA,NA,NA,NA,NA,NA
65011501,NA,NA,NA,NA,NA,NA,NA
65011601,NA,NA,NA,NA,NA,NA,NA
65011701,NA,NA,NA,NA,NA,NA,NA
65011801,NA,NA,NA,NA,NA,NA,NA
65011901,NA,NA,NA,NA,NA,NA,NA
65012001,NA,NA,NA,NA,NA,NA,NA
65012101,NA,NA,NA,NA,NA,NA,NA
65012201,NA,NA,NA,NA,NA,NA,NA
65012301,NA,NA,NA,NA,NA,NA,NA
65012401,NA,NA,NA,NA,NA,NA,NA
65012501,NA,NA,NA,NA,NA,NA,NA
65012601,NA,NA,NA,NA,NA,NA,NA
65012701,NA,NA,NA,NA,NA,NA,NA
65012801,NA,NA,NA,NA,NA,NA,NA
65012901,NA,NA,NA,NA,NA,NA,NA
65013001,NA,NA,NA,NA,NA,NA,NA
65013101,NA,NA,NA,NA,NA,NA,NA
65013201,NA,NA,NA,NA,NA,NA,NA
65013301,NA,NA,NA,NA,NA,NA,NA
65013401,NA,NA,NA,NA,NA,NA,NA
65013501,NA,NA,NA,NA,NA,NA,NA
65013601,NA,NA,NA,NA,NA,NA,NA
65013701,NA,NA,NA,NA,NA,NA,NA
65013801,NA,NA,NA,NA,NA,NA,NA
65013901,NA,NA,NA,NA,NA,NA,NA
65014001,NA,NA,NA,NA,NA,NA,NA
65014101,NA,NA,NA,NA,NA,NA,NA
65014201,NA,NA,NA,NA,NA,NA,NA
65014401,NA,NA,NA,NA,NA,NA,NA
65014501,NA,NA,NA,NA,NA,NA,NA
65014601,NA,NA,NA,NA,NA,NA,NA
65014701,NA,NA,NA,NA,NA,NA,NA
65014801,NA,NA,NA,NA,NA,NA,NA
65014901,NA,NA,NA,NA,NA,NA,NA
65015401,NA,NA,NA,NA,NA,NA,NA
65015501,NA,NA,NA,NA,NA,NA,NA
65015601,NA,NA,NA,NA,NA,NA,NA
65015801,NA,NA,NA,NA,NA,NA,NA
65015901,NA,NA,NA,NA,NA,NA,NA
65016001,NA,NA,NA,NA,NA,NA,NA
65016101,NA,NA,NA,NA,NA,NA,NA
65016201,NA,NA,NA,NA,NA,NA,NA
65016301,NA,NA,NA,NA,NA,NA,NA
65016401,NA,NA,NA,NA,NA,NA,NA
65016501,NA,NA,NA,NA,NA,NA,NA
65016601,NA,NA,NA,NA,NA,NA,NA
65016701,NA,NA,NA,NA,NA,NA,NA
65016801,NA,NA,NA,NA,NA,NA,NA
65016901,NA,NA,NA,NA,NA,NA,NA
65017001,NA,NA,NA,NA,NA,NA,NA
65017101,NA,NA,NA,NA,NA,NA,NA
65017201,NA,NA,NA,NA,NA,NA,NA
65017301,NA,NA,NA,NA,NA,NA,NA
65017401,NA,NA,NA,NA,NA,NA,NA
65017501,NA,NA,NA,NA,NA,NA,NA
65017601,NA,NA,NA,NA,NA,NA,NA
65017701,NA,NA,NA,NA,NA,NA,NA
65017801,NA,NA,NA,NA,NA,NA,NA
65017901,NA,NA,NA,NA,NA,NA,NA
65018001,NA,NA,NA,NA,NA,NA,NA
65018101,NA,NA,NA,NA,NA,NA,NA
65018201,NA,NA,NA,NA,NA,NA,NA
65018301,NA,NA,NA,NA,NA,NA,NA
65018401,NA,NA,NA,NA,NA,NA,NA
65018501,NA,NA,NA,NA,NA,NA,NA
65018601,NA,NA,NA,NA,NA,NA,NA
65018701,NA,NA,NA,NA,NA,NA,NA
65018801,NA,NA,NA,NA,NA,NA,NA
65018901,NA,NA,NA,NA,NA,NA,NA
65019001,NA,NA,NA,NA,NA,NA,NA
65019101,NA,NA,NA,NA,NA,NA,NA
65019201,NA,NA,NA,NA,NA,NA,NA
65019301,NA,NA,NA,NA,NA,NA,NA
65019401,NA,NA,NA,NA,NA,NA,NA
65019501,NA,NA,NA,NA,NA,NA,NA
65019601,NA,NA,NA,NA,NA,NA,NA
65019701,NA,NA,NA,NA,NA,NA,NA
65019801,NA,NA,NA,NA,NA,NA,NA
65019901,NA,NA,NA,NA,NA,NA,NA
65020001,NA,NA,NA,NA,NA,NA,NA
65020101,NA,NA,NA,NA,NA,NA,NA
65020201,NA,NA,NA,NA,NA,NA,NA
65020301,NA,NA,NA,NA,NA,NA,NA
65020401,NA,NA,NA,NA,NA,NA,NA
65020501,NA,NA,NA,NA,NA,NA,NA
65020601,NA,NA,NA,NA,NA,NA,NA
65020701,NA,NA,NA,NA,NA,NA,NA
65020801,NA,NA,NA,NA,NA,NA,NA
65020901,NA,NA,NA,NA,NA,NA,NA
65021001,NA,NA,NA,NA,NA,NA,NA
65021101,NA,NA,NA,NA,NA,NA,NA
65021201,NA,NA,NA,NA,NA,NA,NA
65021301,NA,NA,NA,NA,NA,NA,NA
65021401,NA,NA,NA,NA,NA,NA,NA
65021501,NA,NA,NA,NA,NA,NA,NA
65021601,NA,NA,NA,NA,NA,NA,NA
65021701,NA,NA,NA,NA,NA,NA,NA
65021801,NA,NA,NA,NA,NA,NA,NA
65022001,NA,NA,NA,NA,NA,NA,NA
65022101,NA,NA,NA,NA,NA,NA,NA
65022201,NA,NA,NA,NA,NA,NA,NA
65022301,NA,NA,NA,NA,NA,NA,NA
65022401,NA,NA,NA,NA,NA,NA,NA
65022501,NA,NA,NA,NA,NA,NA,NA
65022601,NA,NA,NA,NA,NA,NA,NA
65022701,NA,NA,NA,NA,NA,NA,NA
65022801,NA,NA,NA,NA,NA,NA,NA
65022901,NA,NA,NA,NA,NA,NA,NA
65023001,NA,NA,NA,NA,NA,NA,NA
65023101,NA,NA,NA,NA,NA,NA,NA
65023201,NA,NA,NA,NA,NA,NA,NA
65023301,NA,NA,NA,NA,NA,NA,NA
65023401,NA,NA,NA,NA,NA,NA,NA
65023501,NA,NA,NA,NA,NA,NA,NA
65023601,NA,NA,NA,NA,NA,NA,NA
65023701,NA,NA,NA,NA,NA,NA,NA
65023801,NA,NA,NA,NA,NA,NA,NA
65023901,NA,NA,NA,NA,NA,NA,NA
65024001,NA,NA,NA,NA,NA,NA,NA
65024101,NA,NA,NA,NA,NA,NA,NA
65024201,NA,NA,NA,NA,NA,NA,NA
65024301,NA,NA,NA,NA,NA,NA,NA
65024401,NA,NA,NA,NA,NA,NA,NA
65024501,NA,NA,NA,NA,NA,NA,NA
65024601,NA,NA,NA,NA,NA,NA,NA
65024701,NA,NA,NA,NA,NA,NA,NA
65024801,NA,NA,NA,NA,NA,NA,NA
65024901,NA,NA,NA,NA,NA,NA,NA
65025001,NA,NA,NA,NA,NA,NA,NA
65025101,NA,NA,NA,NA,NA,NA,NA
65025201,NA,NA,NA,NA,NA,NA,NA
65025301,NA,NA,NA,NA,NA,NA,NA
65025401,NA,NA,NA,NA,NA,NA,NA
65025601,NA,NA,NA,NA,NA,NA,NA
65025701,NA,NA,NA,NA,NA,NA,NA
65025801,NA,NA,NA,NA,NA,NA,NA
65025901,NA,NA,NA,NA,NA,NA,NA
65026001,NA,NA,NA,NA,NA,NA,NA
65026101,NA,NA,NA,NA,NA,NA,NA
65026201,NA,NA,NA,NA,NA,NA,NA
65026301,NA,NA,NA,NA,NA,NA,NA
65026401,NA,NA,NA,NA,NA,NA,NA
65026501,NA,NA,NA,NA,NA,NA,NA
65026601,NA,NA,NA,NA,NA,NA,NA
65026701,NA,NA,NA,NA,NA,NA,NA
65026801,NA,NA,NA,NA,NA,NA,NA
65026901,NA,NA,NA,NA,NA,NA,NA
65027001,NA,NA,NA,NA,NA,NA,NA
65027101,NA,NA,NA,NA,NA,NA,NA
65027201,NA,NA,NA,NA,NA,NA,NA
65027301,NA,NA,NA,NA,NA,NA,NA
65027401,NA,NA,NA,NA,NA,NA,NA
65027501,NA,NA,NA,NA,NA,NA,NA
65027601,NA,NA,NA,NA,NA,NA,NA
65027701,NA,NA,NA,NA,NA,NA,NA
65027801,NA,NA,NA,NA,NA,NA,NA
65027901,NA,NA,NA,NA,NA,NA,NA
65028001,NA,NA,NA,NA,NA,NA,NA
65028101,NA,NA,NA,NA,NA,NA,NA
65028201,NA,NA,NA,NA,NA,NA,NA
65028301,NA,NA,NA,NA,NA,NA,NA
65028401,NA,NA,NA,NA,NA,NA,NA
65028501,NA,NA,NA,NA,NA,NA,NA
65028601,NA,NA,NA,NA,NA,NA,NA
65028701,NA,NA,NA,NA,NA,NA,NA
65028801,NA,NA,NA,NA,NA,NA,NA
65028901,NA,NA,NA,NA,NA,NA,NA
65029001,NA,NA,NA,NA,NA,NA,NA
65029101,NA,NA,NA,NA,NA,NA,NA
65029201,NA,NA,NA,NA,NA,NA,NA
65029301,NA,NA,NA,NA,NA,NA,NA
65029401,NA,NA,NA,NA,NA,NA,NA
65029501,NA,NA,NA,NA,NA,NA,NA
65029601,NA,NA,NA,NA,NA,NA,NA
65029701,NA,NA,NA,NA,NA,NA,NA
65029801,NA,NA,NA,NA,NA,NA,NA
65029901,NA,NA,NA,NA,NA,NA,NA
65030001,NA,NA,NA,NA,NA,NA,NA
65030101,NA,NA,NA,NA,NA,NA,NA
65030201,NA,NA,NA,NA,NA,NA,NA
65030301,NA,NA,NA,NA,NA,NA,NA
65030401,NA,NA,NA,NA,NA,NA,NA
65030501,NA,NA,NA,NA,NA,NA,NA
65030601,NA,NA,NA,NA,NA,NA,NA
65030701,NA,NA,NA,NA,NA,NA,NA
65030801,NA,NA,NA,NA,NA,NA,NA
65030901,NA,NA,NA,NA,NA,NA,NA
65031001,NA,NA,NA,NA,NA,NA,NA
65031101,NA,NA,NA,NA,NA,NA,NA
65031201,NA,NA,NA,NA,NA,NA,NA
65031301,NA,NA,NA,NA,NA,NA,NA
65031401,NA,NA,NA,NA,NA,NA,NA
65031501,NA,NA,NA,NA,NA,NA,NA
65031601,NA,NA,NA,NA,NA,NA,NA
65031701,NA,NA,NA,NA,NA,NA,NA
65031801,NA,NA,NA,NA,NA,NA,NA
65031901,NA,NA,NA,NA,NA,NA,NA
65032001,NA,NA,NA,NA,NA,NA,NA
65032101,NA,NA,NA,NA,NA,NA,NA
65032201,NA,NA,NA,NA,NA,NA,NA
65032301,NA,NA,NA,NA,NA,NA,NA
65032401,NA,NA,NA,NA,NA,NA,NA
65032501,NA,NA,NA,NA,NA,NA,NA
65032601,NA,NA,NA,NA,NA,NA,NA
65032701,NA,NA,NA,NA,NA,NA,NA
65032801,NA,NA,NA,NA,NA,NA,NA
65032901,NA,NA,NA,NA,NA,NA,NA
65033001,NA,NA,NA,NA,NA,NA,NA
65033101,NA,NA,NA,NA,NA,NA,NA
65033201,NA,NA,NA,NA,NA,NA,NA
65033301,NA,NA,NA,NA,NA,NA,NA
65033401,NA,NA,NA,NA,NA,NA,NA
65033501,NA,NA,NA,NA,NA,NA,NA
65033601,NA,NA,NA,NA,NA,NA,NA
65033701,NA,NA,NA,NA,NA,NA,NA
65033801,NA,NA,NA,NA,NA,NA,NA
65033901,NA,NA,NA,NA,NA,NA,NA
65034001,NA,NA,NA,NA,NA,NA,NA
65034101,NA,NA,NA,NA,NA,NA,NA
65034201,NA,NA,NA,NA,NA,NA,NA
65034301,NA,NA,NA,NA,NA,NA,NA
65034401,NA,NA,NA,NA,NA,NA,NA
65034501,NA,NA,NA,NA,NA,NA,NA
65034601,NA,NA,NA,NA,NA,NA,NA
65034701,NA,NA,NA,NA,NA,NA,NA
65034801,NA,NA,NA,NA,NA,NA,NA
65034901,NA,NA,NA,NA,NA,NA,NA
65035001,NA,NA,NA,NA,NA,NA,NA
65035101,NA,NA,NA,NA,NA,NA,NA
65035201,NA,NA,NA,NA,NA,NA,NA
65035301,NA,NA,NA,NA,NA,NA,NA
65035401,NA,NA,NA,NA,NA,NA,NA
65035501,NA,NA,NA,NA,NA,NA,NA
65035601,NA,NA,NA,NA,NA,NA,NA
65035701,NA,NA,NA,NA,NA,NA,NA
65035801,NA,NA,NA,NA,NA,NA,NA
65035901,NA,NA,NA,NA,NA,NA,NA
65036001,NA,NA,NA,NA,NA,NA,NA
65036101,NA,NA,NA,NA,NA,NA,NA
65036201,NA,NA,NA,NA,NA,NA,NA
65036301,NA,NA,NA,NA,NA,NA,NA
65036401,NA,NA,NA,NA,NA,NA,NA
65036501,NA,NA,NA,NA,NA,NA,NA
65036601,NA,NA,NA,NA,NA,NA,NA
65036701,NA,NA,NA,NA,NA,NA,NA
65036801,NA,NA,NA,NA,NA,NA,NA
65036901,NA,NA,NA,NA,NA,NA,NA
65037001,NA,NA,NA,NA,NA,NA,NA
65037101,NA,NA,NA,NA,NA,NA,NA
65037201,NA,NA,NA,NA,NA,NA,NA
65037301,NA,NA,NA,NA,NA,NA,NA
65037401,NA,NA,NA,NA,NA,NA,NA
65037501,NA,NA,NA,NA,NA,NA,NA
65037601,NA,NA,NA,NA,NA,NA,NA
65037701,NA,NA,NA,NA,NA,NA,NA
65037801,NA,NA,NA,NA,NA,NA,NA
65037901,NA,NA,NA,NA,NA,NA,NA
65038001,NA,NA,NA,NA,NA,NA,NA
65038101,NA,NA,NA,NA,NA,NA,NA
65038201,NA,NA,NA,NA,NA,NA,NA
65038301,NA,NA,NA,NA,NA,NA,NA
65038401,NA,NA,NA,NA,NA,NA,NA
65038501,NA,NA,NA,NA,NA,NA,NA
65038601,NA,NA,NA,NA,NA,NA,NA
65038701,NA,NA,NA,NA,NA,NA,NA
65038801,NA,NA,NA,NA,NA,NA,NA
65038901,NA,NA,NA,NA,NA,NA,NA
65039001,NA,NA,NA,NA,NA,NA,NA
65039101,NA,NA,NA,NA,NA,NA,NA
65039201,NA,NA,NA,NA,NA,NA,NA
65039301,NA,NA,NA,NA,NA,NA,NA
65039401,NA,NA,NA,NA,NA,NA,NA
65039501,NA,NA,NA,NA,NA,NA,NA
65039601,NA,NA,NA,NA,NA,NA,NA
65039701,NA,NA,NA,NA,NA,NA,NA
65039801,NA,NA,NA,NA,NA,NA,NA
65039901,NA,NA,NA,NA,NA,NA,NA
65040001,NA,NA,NA,NA,NA,NA,NA
65040201,NA,NA,NA,NA,NA,NA,NA
65040301,NA,NA,NA,NA,NA,NA,NA
65040401,NA,NA,NA,NA,NA,NA,NA
65040501,NA,NA,NA,NA,NA,NA,NA
65040601,NA,NA,NA,NA,NA,NA,NA
65040701,NA,NA,NA,NA,NA,NA,NA
65040801,NA,NA,NA,NA,NA,NA,NA
65040901,NA,NA,NA,NA,NA,NA,NA
65041001,NA,NA,NA,NA,NA,NA,NA
65041101,NA,NA,NA,NA,NA,NA,NA
65041201,NA,NA,NA,NA,NA,NA,NA
65041301,NA,NA,NA,NA,NA,NA,NA
65041401,NA,NA,NA,NA,NA,NA,NA
65041501,NA,NA,NA,NA,NA,NA,NA
65041601,NA,NA,NA,NA,NA,NA,NA
65041801,NA,NA,NA,NA,NA,NA,NA
65041901,NA,NA,NA,NA,NA,NA,NA
65042001,NA,NA,NA,NA,NA,NA,NA
65042101,NA,NA,NA,NA,NA,NA,NA
65042201,NA,NA,NA,NA,NA,NA,NA
65042301,NA,NA,NA,NA,NA,NA,NA
65042401,NA,NA,NA,NA,NA,NA,NA
65042501,NA,NA,NA,NA,NA,NA,NA
65042601,NA,NA,NA,NA,NA,NA,NA
65042701,NA,NA,NA,NA,NA,NA,NA
65042801,NA,NA,NA,NA,NA,NA,NA
65042901,NA,NA,NA,NA,NA,NA,NA
65043101,NA,NA,NA,NA,NA,NA,NA
65043401,NA,NA,NA,NA,NA,NA,NA
65043501,NA,NA,NA,NA,NA,NA,NA
65043601,NA,NA,NA,NA,NA,NA,NA
65043801,NA,NA,NA,NA,NA,NA,NA
65043901,NA,NA,NA,NA,NA,NA,NA
65044001,NA,NA,NA,NA,NA,NA,NA
65044101,NA,NA,NA,NA,NA,NA,NA
65044201,NA,NA,NA,NA,NA,NA,NA
65044301,NA,NA,NA,NA,NA,NA,NA
65044401,NA,NA,NA,NA,NA,NA,NA
65044501,NA,NA,NA,NA,NA,NA,NA
65044601,NA,NA,NA,NA,NA,NA,NA
65044701,NA,NA,NA,NA,NA,NA,NA
65044801,NA,NA,NA,NA,NA,NA,NA
65044901,NA,NA,NA,NA,NA,NA,NA
65045001,NA,NA,NA,NA,NA,NA,NA
65045101,NA,NA,NA,NA,NA,NA,NA
65045201,NA,NA,NA,NA,NA,NA,NA
65045301,NA,NA,NA,NA,NA,NA,NA
65045401,NA,NA,NA,NA,NA,NA,NA
65045501,NA,NA,NA,NA,NA,NA,NA
65045601,NA,NA,NA,NA,NA,NA,NA
65045701,NA,NA,NA,NA,NA,NA,NA
65045801,NA,NA,NA,NA,NA,NA,NA
65045901,NA,NA,NA,NA,NA,NA,NA
65046001,NA,NA,NA,NA,NA,NA,NA
65046101,NA,NA,NA,NA,NA,NA,NA
65046201,NA,NA,NA,NA,NA,NA,NA
65046301,NA,NA,NA,NA,NA,NA,NA
65046401,NA,NA,NA,NA,NA,NA,NA
65046601,NA,NA,NA,NA,NA,NA,NA
65046701,NA,NA,NA,NA,NA,NA,NA
65046801,NA,NA,NA,NA,NA,NA,NA
65046901,NA,NA,NA,NA,NA,NA,NA
65047001,NA,NA,NA,NA,NA,NA,NA
65047101,NA,NA,NA,NA,NA,NA,NA
65047201,NA,NA,NA,NA,NA,NA,NA
65047301,NA,NA,NA,NA,NA,NA,NA
65047401,NA,NA,NA,NA,NA,NA,NA
65047501,NA,NA,NA,NA,NA,NA,NA
65047601,NA,NA,NA,NA,NA,NA,NA
65047701,NA,NA,NA,NA,NA,NA,NA
65047901,NA,NA,NA,NA,NA,NA,NA
65048001,NA,NA,NA,NA,NA,NA,NA
65048101,NA,NA,NA,NA,NA,NA,NA
65048201,NA,NA,NA,NA,NA,NA,NA
65048301,NA,NA,NA,NA,NA,NA,NA
65048401,NA,NA,NA,NA,NA,NA,NA
65048501,NA,NA,NA,NA,NA,NA,NA
65048601,NA,NA,NA,NA,NA,NA,NA
65048701,NA,NA,NA,NA,NA,NA,NA
65048801,NA,NA,NA,NA,NA,NA,NA
65048901,NA,NA,NA,NA,NA,NA,NA
65049001,NA,NA,NA,NA,NA,NA,NA
65049101,NA,NA,NA,NA,NA,NA,NA
65049301,NA,NA,NA,NA,NA,NA,NA
65049401,NA,NA,NA,NA,NA,NA,NA
65049501,NA,NA,NA,NA,NA,NA,NA
65049601,NA,NA,NA,NA,NA,NA,NA
65049701,NA,NA,NA,NA,NA,NA,NA
65049801,NA,NA,NA,NA,NA,NA,NA
65049901,NA,NA,NA,NA,NA,NA,NA
65050001,NA,NA,NA,NA,NA,NA,NA
65050101,NA,NA,NA,NA,NA,NA,NA
65050301,NA,NA,NA,NA,NA,NA,NA
65050401,NA,NA,NA,NA,NA,NA,NA
65050501,NA,NA,NA,NA,NA,NA,NA
65050601,NA,NA,NA,NA,NA,NA,NA
65050701,NA,NA,NA,NA,NA,NA,NA
65050801,NA,NA,NA,NA,NA,NA,NA
65050901,NA,NA,NA,NA,NA,NA,NA
65051001,NA,NA,NA,NA,NA,NA,NA
65051101,NA,NA,NA,NA,NA,NA,NA
65051201,NA,NA,NA,NA,NA,NA,NA
65051301,NA,NA,NA,NA,NA,NA,NA
65051401,NA,NA,NA,NA,NA,NA,NA
65051501,NA,NA,NA,NA,NA,NA,NA
65051601,NA,NA,NA,NA,NA,NA,NA
65051701,NA,NA,NA,NA,NA,NA,NA
65051901,NA,NA,NA,NA,NA,NA,NA
65052001,NA,NA,NA,NA,NA,NA,NA
65052101,NA,NA,NA,NA,NA,NA,NA
65052201,NA,NA,NA,NA,NA,NA,NA
65052301,NA,NA,NA,NA,NA,NA,NA
65052401,NA,NA,NA,NA,NA,NA,NA
65052501,NA,NA,NA,NA,NA,NA,NA
65052601,NA,NA,NA,NA,NA,NA,NA
65052701,NA,NA,NA,NA,NA,NA,NA
65052801,NA,NA,NA,NA,NA,NA,NA
65052901,NA,NA,NA,NA,NA,NA,NA
65053001,NA,NA,NA,NA,NA,NA,NA
65053101,NA,NA,NA,NA,NA,NA,NA
65053201,NA,NA,NA,NA,NA,NA,NA
65053301,NA,NA,NA,NA,NA,NA,NA
65053401,NA,NA,NA,NA,NA,NA,NA
65053501,NA,NA,NA,NA,NA,NA,NA
65053601,NA,NA,NA,NA,NA,NA,NA
65053701,NA,NA,NA,NA,NA,NA,NA
65053801,NA,NA,NA,NA,NA,NA,NA
65053901,NA,NA,NA,NA,NA,NA,NA
65054001,NA,NA,NA,NA,NA,NA,NA
65054101,NA,NA,NA,NA,NA,NA,NA
65054201,NA,NA,NA,NA,NA,NA,NA
65054301,NA,NA,NA,NA,NA,NA,NA
65054401,NA,NA,NA,NA,NA,NA,NA
65054501,NA,NA,NA,NA,NA,NA,NA
65054601,NA,NA,NA,NA,NA,NA,NA
65054701,NA,NA,NA,NA,NA,NA,NA
65054801,NA,NA,NA,NA,NA,NA,NA
65054901,NA,NA,NA,NA,NA,NA,NA
65055001,NA,NA,NA,NA,NA,NA,NA
65055101,NA,NA,NA,NA,NA,NA,NA
65055201,NA,NA,NA,NA,NA,NA,NA
65055401,NA,NA,NA,NA,NA,NA,NA
65055501,NA,NA,NA,NA,NA,NA,NA
65055601,NA,NA,NA,NA,NA,NA,NA
65055701,NA,NA,NA,NA,NA,NA,NA
65055801,NA,NA,NA,NA,NA,NA,NA
65055901,NA,NA,NA,NA,NA,NA,NA
65056101,NA,NA,NA,NA,NA,NA,NA
65056201,NA,NA,NA,NA,NA,NA,NA
65056301,NA,NA,NA,NA,NA,NA,NA
65056401,NA,NA,NA,NA,NA,NA,NA
65056501,NA,NA,NA,NA,NA,NA,NA
65056601,NA,NA,NA,NA,NA,NA,NA
65056701,NA,NA,NA,NA,NA,NA,NA
65056801,NA,NA,NA,NA,NA,NA,NA
65056901,NA,NA,NA,NA,NA,NA,NA
65057101,NA,NA,NA,NA,NA,NA,NA
65057301,NA,NA,NA,NA,NA,NA,NA
65057401,NA,NA,NA,NA,NA,NA,NA
65057501,NA,NA,NA,NA,NA,NA,NA
65057601,NA,NA,NA,NA,NA,NA,NA
65057801,NA,NA,NA,NA,NA,NA,NA
65057901,NA,NA,NA,NA,NA,NA,NA
65058001,NA,NA,NA,NA,NA,NA,NA
65058201,NA,NA,NA,NA,NA,NA,NA
65058401,NA,NA,NA,NA,NA,NA,NA
65058501,NA,NA,NA,NA,NA,NA,NA
65058601,NA,NA,NA,NA,NA,NA,NA
65058701,NA,NA,NA,NA,NA,NA,NA
65058901,NA,NA,NA,NA,NA,NA,NA
65059001,NA,NA,NA,NA,NA,NA,NA
65059101,NA,NA,NA,NA,NA,NA,NA
65059201,NA,NA,NA,NA,NA,NA,NA
65059301,NA,NA,NA,NA,NA,NA,NA
65059401,NA,NA,NA,NA,NA,NA,NA
65059501,NA,NA,NA,NA,NA,NA,NA
65059601,NA,NA,NA,NA,NA,NA,NA
65059801,NA,NA,NA,NA,NA,NA,NA
65059901,NA,NA,NA,NA,NA,NA,NA
65060001,NA,NA,NA,NA,NA,NA,NA
65060101,NA,NA,NA,NA,NA,NA,NA
65060201,NA,NA,NA,NA,NA,NA,NA
65060301,NA,NA,NA,NA,NA,NA,NA
65060401,NA,NA,NA,NA,NA,NA,NA
65060501,NA,NA,NA,NA,NA,NA,NA
65060601,NA,NA,NA,NA,NA,NA,NA
65060701,NA,NA,NA,NA,NA,NA,NA
65060801,NA,NA,NA,NA,NA,NA,NA
65060901,NA,NA,NA,NA,NA,NA,NA
65061001,NA,NA,NA,NA,NA,NA,NA
65061101,NA,NA,NA,NA,NA,NA,NA
65061201,NA,NA,NA,NA,NA,NA,NA
65061301,NA,NA,NA,NA,NA,NA,NA
65061401,NA,NA,NA,NA,NA,NA,NA
65061501,NA,NA,NA,NA,NA,NA,NA
65061601,NA,NA,NA,NA,NA,NA,NA
65061701,NA,NA,NA,NA,NA,NA,NA
65061801,NA,NA,NA,NA,NA,NA,NA
65061901,NA,NA,NA,NA,NA,NA,NA
65062001,NA,NA,NA,NA,NA,NA,NA
65062101,NA,NA,NA,NA,NA,NA,NA
65062201,NA,NA,NA,NA,NA,NA,NA
65062301,NA,NA,NA,NA,NA,NA,NA
65062401,NA,NA,NA,NA,NA,NA,NA
65062501,NA,NA,NA,NA,NA,NA,NA
65062601,NA,NA,NA,NA,NA,NA,NA
65062701,NA,NA,NA,NA,NA,NA,NA
65062801,NA,NA,NA,NA,NA,NA,NA
65062901,NA,NA,NA,NA,NA,NA,NA
65063001,NA,NA,NA,NA,NA,NA,NA
65063101,NA,NA,NA,NA,NA,NA,NA
65063201,NA,NA,NA,NA,NA,NA,NA
65063301,NA,NA,NA,NA,NA,NA,NA
65063401,NA,NA,NA,NA,NA,NA,NA
65063501,NA,NA,NA,NA,NA,NA,NA
65063601,NA,NA,NA,NA,NA,NA,NA
65063701,NA,NA,NA,NA,NA,NA,NA
65063801,NA,NA,NA,NA,NA,NA,NA
65063901,NA,NA,NA,NA,NA,NA,NA
65064001,NA,NA,NA,NA,NA,NA,NA
65064101,NA,NA,NA,NA,NA,NA,NA
65064201,NA,NA,NA,NA,NA,NA,NA
65064301,NA,NA,NA,NA,NA,NA,NA
65064401,NA,NA,NA,NA,NA,NA,NA
65064501,NA,NA,NA,NA,NA,NA,NA
65064601,NA,NA,NA,NA,NA,NA,NA
65064701,NA,NA,NA,NA,NA,NA,NA
65064801,NA,NA,NA,NA,NA,NA,NA
65064901,NA,NA,NA,NA,NA,NA,NA
65065001,NA,NA,NA,NA,NA,NA,NA
65065101,NA,NA,NA,NA,NA,NA,NA
65065201,NA,NA,NA,NA,NA,NA,NA
65065301,NA,NA,NA,NA,NA,NA,NA
65065401,NA,NA,NA,NA,NA,NA,NA
65065501,NA,NA,NA,NA,NA,NA,NA
65065601,NA,NA,NA,NA,NA,NA,NA
65065701,NA,NA,NA,NA,NA,NA,NA
65065801,NA,NA,NA,NA,NA,NA,NA
65065901,NA,NA,NA,NA,NA,NA,NA
65066001,NA,NA,NA,NA,NA,NA,NA
65066101,NA,NA,NA,NA,NA,NA,NA
65066201,NA,NA,NA,NA,NA,NA,NA
65066301,NA,NA,NA,NA,NA,NA,NA
65066401,NA,NA,NA,NA,NA,NA,NA
65066501,NA,NA,NA,NA,NA,NA,NA
65066601,NA,NA,NA,NA,NA,NA,NA
65066701,NA,NA,NA,NA,NA,NA,NA
65066801,NA,NA,NA,NA,NA,NA,NA
65066901,NA,NA,NA,NA,NA,NA,NA
65067001,NA,NA,NA,NA,NA,NA,NA
65067101,NA,NA,NA,NA,NA,NA,NA
65067201,NA,NA,NA,NA,NA,NA,NA
65067301,NA,NA,NA,NA,NA,NA,NA
65067401,NA,NA,NA,NA,NA,NA,NA
65067501,NA,NA,NA,NA,NA,NA,NA
65067601,NA,NA,NA,NA,NA,NA,NA
65067701,NA,NA,NA,NA,NA,NA,NA
65067801,NA,NA,NA,NA,NA,NA,NA
65067901,NA,NA,NA,NA,NA,NA,NA
65068001,NA,NA,NA,NA,NA,NA,NA
65068101,NA,NA,NA,NA,NA,NA,NA
65068201,NA,NA,NA,NA,NA,NA,NA
65068301,NA,NA,NA,NA,NA,NA,NA
65068401,NA,NA,NA,NA,NA,NA,NA
65068501,NA,NA,NA,NA,NA,NA,NA
65068601,NA,NA,NA,NA,NA,NA,NA
65068701,NA,NA,NA,NA,NA,NA,NA
65068801,NA,NA,NA,NA,NA,NA,NA
65068901,NA,NA,NA,NA,NA,NA,NA
65069001,NA,NA,NA,NA,NA,NA,NA
65069101,NA,NA,NA,NA,NA,NA,NA
65069201,NA,NA,NA,NA,NA,NA,NA
65069301,NA,NA,NA,NA,NA,NA,NA
65069401,NA,NA,NA,NA,NA,NA,NA
65069501,NA,NA,NA,NA,NA,NA,NA
65069601,NA,NA,NA,NA,NA,NA,NA
65069701,NA,NA,NA,NA,NA,NA,NA
65069801,NA,NA,NA,NA,NA,NA,NA
65069901,NA,NA,NA,NA,NA,NA,NA
65070001,NA,NA,NA,NA,NA,NA,NA
65070101,NA,NA,NA,NA,NA,NA,NA
65070201,NA,NA,NA,NA,NA,NA,NA
65070301,NA,NA,NA,NA,NA,NA,NA
65070401,NA,NA,NA,NA,NA,NA,NA
65070501,NA,NA,NA,NA,NA,NA,NA
65070601,NA,NA,NA,NA,NA,NA,NA
65070701,NA,NA,NA,NA,NA,NA,NA
65070801,NA,NA,NA,NA,NA,NA,NA
65070901,NA,NA,NA,NA,NA,NA,NA
65071001,NA,NA,NA,NA,NA,NA,NA
65071101,NA,NA,NA,NA,NA,NA,NA
65071201,NA,NA,NA,NA,NA,NA,NA
65071301,NA,NA,NA,NA,NA,NA,NA
65071401,NA,NA,NA,NA,NA,NA,NA
65071501,NA,NA,NA,NA,NA,NA,NA
65071601,NA,NA,NA,NA,NA,NA,NA
65071701,NA,NA,NA,NA,NA,NA,NA
65071801,NA,NA,NA,NA,NA,NA,NA
65071901,NA,NA,NA,NA,NA,NA,NA
65072001,NA,NA,NA,NA,NA,NA,NA
65072101,NA,NA,NA,NA,NA,NA,NA
65072201,NA,NA,NA,NA,NA,NA,NA
65072301,NA,NA,NA,NA,NA,NA,NA
65072401,NA,NA,NA,NA,NA,NA,NA
65072501,NA,NA,NA,NA,NA,NA,NA
65072601,NA,NA,NA,NA,NA,NA,NA
65072701,NA,NA,NA,NA,NA,NA,NA
65072801,NA,NA,NA,NA,NA,NA,NA
65072901,NA,NA,NA,NA,NA,NA,NA
65073001,NA,NA,NA,NA,NA,NA,NA
65073101,NA,NA,NA,NA,NA,NA,NA
65073201,NA,NA,NA,NA,NA,NA,NA
65073301,NA,NA,NA,NA,NA,NA,NA
65073401,NA,NA,NA,NA,NA,NA,NA
65073501,NA,NA,NA,NA,NA,NA,NA
65073601,NA,NA,NA,NA,NA,NA,NA
65073701,NA,NA,NA,NA,NA,NA,NA
65073801,NA,NA,NA,NA,NA,NA,NA
65073901,NA,NA,NA,NA,NA,NA,NA
65074001,NA,NA,NA,NA,NA,NA,NA
65074101,NA,NA,NA,NA,NA,NA,NA
65074201,NA,NA,NA,NA,NA,NA,NA
65074301,NA,NA,NA,NA,NA,NA,NA
65074401,NA,NA,NA,NA,NA,NA,NA
65074501,NA,NA,NA,NA,NA,NA,NA
65074601,NA,NA,NA,NA,NA,NA,NA
65074701,NA,NA,NA,NA,NA,NA,NA
65074801,NA,NA,NA,NA,NA,NA,NA
65074901,NA,NA,NA,NA,NA,NA,NA
65075001,NA,NA,NA,NA,NA,NA,NA
65075101,NA,NA,NA,NA,NA,NA,NA
65075201,NA,NA,NA,NA,NA,NA,NA
65075301,NA,NA,NA,NA,NA,NA,NA
65075401,NA,NA,NA,NA,NA,NA,NA
65075501,NA,NA,NA,NA,NA,NA,NA
65075601,NA,NA,NA,NA,NA,NA,NA
65075701,NA,NA,NA,NA,NA,NA,NA
65075801,NA,NA,NA,NA,NA,NA,NA
65075901,NA,NA,NA,NA,NA,NA,NA
65076001,NA,NA,NA,NA,NA,NA,NA
65076101,NA,NA,NA,NA,NA,NA,NA
65076201,NA,NA,NA,NA,NA,NA,NA
65076301,NA,NA,NA,NA,NA,NA,NA
65076401,NA,NA,NA,NA,NA,NA,NA
65076501,NA,NA,NA,NA,NA,NA,NA
65076601,NA,NA,NA,NA,NA,NA,NA
65076701,NA,NA,NA,NA,NA,NA,NA
65076801,NA,NA,NA,NA,NA,NA,NA
65076901,NA,NA,NA,NA,NA,NA,NA
65077001,NA,NA,NA,NA,NA,NA,NA
65077101,NA,NA,NA,NA,NA,NA,NA
65077201,NA,NA,NA,NA,NA,NA,NA
65077301,NA,NA,NA,NA,NA,NA,NA
65077401,NA,NA,NA,NA,NA,NA,NA
65077501,NA,NA,NA,NA,NA,NA,NA
65077601,NA,NA,NA,NA,NA,NA,NA
65077701,NA,NA,NA,NA,NA,NA,NA
65077801,NA,NA,NA,NA,NA,NA,NA
65077901,NA,NA,NA,NA,NA,NA,NA
65078001,NA,NA,NA,NA,NA,NA,NA
65078101,NA,NA,NA,NA,NA,NA,NA
65078201,NA,NA,NA,NA,NA,NA,NA
65078301,NA,NA,NA,NA,NA,NA,NA
65078401,NA,NA,NA,NA,NA,NA,NA
65078501,NA,NA,NA,NA,NA,NA,NA
65078601,NA,NA,NA,NA,NA,NA,NA
65078701,NA,NA,NA,NA,NA,NA,NA
65078801,NA,NA,NA,NA,NA,NA,NA
65078901,NA,NA,NA,NA,NA,NA,NA
65079001,NA,NA,NA,NA,NA,NA,NA
65079101,NA,NA,NA,NA,NA,NA,NA
65079201,NA,NA,NA,NA,NA,NA,NA
65079301,NA,NA,NA,NA,NA,NA,NA
65079401,NA,NA,NA,NA,NA,NA,NA
65079501,NA,NA,NA,NA,NA,NA,NA
65079601,NA,NA,NA,NA,NA,NA,NA
68000201,NA,NA,NA,NA,NA,NA,NA
68000301,NA,NA,NA,NA,NA,NA,NA
68000401,NA,NA,NA,NA,NA,NA,NA
68000601,NA,NA,NA,NA,NA,NA,NA
68000801,NA,NA,NA,NA,NA,NA,NA
68000901,NA,NA,NA,NA,NA,NA,NA
68001001,NA,NA,NA,NA,NA,NA,NA
68001101,NA,NA,NA,NA,NA,NA,NA
68001201,NA,NA,NA,NA,NA,NA,NA
68001301,NA,NA,NA,NA,NA,NA,NA
68001401,NA,NA,NA,NA,NA,NA,NA
68001501,NA,NA,NA,NA,NA,NA,NA
68001601,NA,NA,NA,NA,NA,NA,NA
68001701,NA,NA,NA,NA,NA,NA,NA
68001901,NA,NA,NA,NA,NA,NA,NA
68002001,NA,NA,NA,NA,NA,NA,NA
68002101,NA,NA,NA,NA,NA,NA,NA
68002201,NA,NA,NA,NA,NA,NA,NA
68002301,NA,NA,NA,NA,NA,NA,NA
68002401,NA,NA,NA,NA,NA,NA,NA
68002501,NA,NA,NA,NA,NA,NA,NA
68002601,NA,NA,NA,NA,NA,NA,NA
68002701,NA,NA,NA,NA,NA,NA,NA
68002801,NA,NA,NA,NA,NA,NA,NA
68002901,NA,NA,NA,NA,NA,NA,NA
68003101,NA,NA,NA,NA,NA,NA,NA
68003301,NA,NA,NA,NA,NA,NA,NA
68003401,NA,NA,NA,NA,NA,NA,NA
68003501,NA,NA,NA,NA,NA,NA,NA
68003701,NA,NA,NA,NA,NA,NA,NA
68003801,NA,NA,NA,NA,NA,NA,NA
68003901,NA,NA,NA,NA,NA,NA,NA
68004001,NA,NA,NA,NA,NA,NA,NA
68004101,NA,NA,NA,NA,NA,NA,NA
68004201,NA,NA,NA,NA,NA,NA,NA
68004301,NA,NA,NA,NA,NA,NA,NA
68004401,NA,NA,NA,NA,NA,NA,NA
68004501,NA,NA,NA,NA,NA,NA,NA
68004601,NA,NA,NA,NA,NA,NA,NA
68004701,NA,NA,NA,NA,NA,NA,NA
68004801,NA,NA,NA,NA,NA,NA,NA
68004901,NA,NA,NA,NA,NA,NA,NA
68005001,NA,NA,NA,NA,NA,NA,NA
68005201,NA,NA,NA,NA,NA,NA,NA
68005301,NA,NA,NA,NA,NA,NA,NA
68005401,NA,NA,NA,NA,NA,NA,NA
68005501,NA,NA,NA,NA,NA,NA,NA
68005601,NA,NA,NA,NA,NA,NA,NA
68005701,NA,NA,NA,NA,NA,NA,NA
68005801,NA,NA,NA,NA,NA,NA,NA
68005901,NA,NA,NA,NA,NA,NA,NA
68006001,NA,NA,NA,NA,NA,NA,NA
68006101,NA,NA,NA,NA,NA,NA,NA
68006201,NA,NA,NA,NA,NA,NA,NA
68006301,NA,NA,NA,NA,NA,NA,NA
68006401,NA,NA,NA,NA,NA,NA,NA
68006501,NA,NA,NA,NA,NA,NA,NA
68006601,NA,NA,NA,NA,NA,NA,NA
68006901,NA,NA,NA,NA,NA,NA,NA
68007001,NA,NA,NA,NA,NA,NA,NA
68007101,NA,NA,NA,NA,NA,NA,NA
68007201,NA,NA,NA,NA,NA,NA,NA
68007301,NA,NA,NA,NA,NA,NA,NA
68007401,NA,NA,NA,NA,NA,NA,NA
68007501,NA,NA,NA,NA,NA,NA,NA
68007701,NA,NA,NA,NA,NA,NA,NA
68007801,NA,NA,NA,NA,NA,NA,NA
68007901,NA,NA,NA,NA,NA,NA,NA
68008001,NA,NA,NA,NA,NA,NA,NA
68008201,NA,NA,NA,NA,NA,NA,NA
68008401,NA,NA,NA,NA,NA,NA,NA
68008601,NA,NA,NA,NA,NA,NA,NA
68008701,NA,NA,NA,NA,NA,NA,NA
68008801,NA,NA,NA,NA,NA,NA,NA
68008901,NA,NA,NA,NA,NA,NA,NA
68009001,NA,NA,NA,NA,NA,NA,NA
68009101,NA,NA,NA,NA,NA,NA,NA
68009201,NA,NA,NA,NA,NA,NA,NA
68009401,NA,NA,NA,NA,NA,NA,NA
68009501,NA,NA,NA,NA,NA,NA,NA
68009601,NA,NA,NA,NA,NA,NA,NA
68009701,NA,NA,NA,NA,NA,NA,NA
68009801,NA,NA,NA,NA,NA,NA,NA
68009901,NA,NA,NA,NA,NA,NA,NA
68010001,NA,NA,NA,NA,NA,NA,NA
68010101,NA,NA,NA,NA,NA,NA,NA
68010201,NA,NA,NA,NA,NA,NA,NA
68010301,NA,NA,NA,NA,NA,NA,NA
68010401,NA,NA,NA,NA,NA,NA,NA
68010501,NA,NA,NA,NA,NA,NA,NA
68010601,NA,NA,NA,NA,NA,NA,NA
68010701,NA,NA,NA,NA,NA,NA,NA
68010801,NA,NA,NA,NA,NA,NA,NA
68010901,NA,NA,NA,NA,NA,NA,NA
68011001,NA,NA,NA,NA,NA,NA,NA
68011101,NA,NA,NA,NA,NA,NA,NA
68011201,NA,NA,NA,NA,NA,NA,NA
68011301,NA,NA,NA,NA,NA,NA,NA
68011401,NA,NA,NA,NA,NA,NA,NA
68011501,NA,NA,NA,NA,NA,NA,NA
68011601,NA,NA,NA,NA,NA,NA,NA
68011701,NA,NA,NA,NA,NA,NA,NA
68011801,NA,NA,NA,NA,NA,NA,NA
68011901,NA,NA,NA,NA,NA,NA,NA
68012101,NA,NA,NA,NA,NA,NA,NA
68012201,NA,NA,NA,NA,NA,NA,NA
68012301,NA,NA,NA,NA,NA,NA,NA
68012401,NA,NA,NA,NA,NA,NA,NA
68012501,NA,NA,NA,NA,NA,NA,NA
68012601,NA,NA,NA,NA,NA,NA,NA
68012701,NA,NA,NA,NA,NA,NA,NA
68012901,NA,NA,NA,NA,NA,NA,NA
68013001,NA,NA,NA,NA,NA,NA,NA
68013101,NA,NA,NA,NA,NA,NA,NA
68013201,NA,NA,NA,NA,NA,NA,NA
68013501,NA,NA,NA,NA,NA,NA,NA
68013601,NA,NA,NA,NA,NA,NA,NA
68013801,NA,NA,NA,NA,NA,NA,NA
68013901,NA,NA,NA,NA,NA,NA,NA
68014101,NA,NA,NA,NA,NA,NA,NA
68014201,NA,NA,NA,NA,NA,NA,NA
68014301,NA,NA,NA,NA,NA,NA,NA
68014401,NA,NA,NA,NA,NA,NA,NA
68014501,NA,NA,NA,NA,NA,NA,NA
68014601,NA,NA,NA,NA,NA,NA,NA
68014701,NA,NA,NA,NA,NA,NA,NA
68014801,NA,NA,NA,NA,NA,NA,NA
68014901,NA,NA,NA,NA,NA,NA,NA
68015001,NA,NA,NA,NA,NA,NA,NA
68015101,NA,NA,NA,NA,NA,NA,NA
68015201,NA,NA,NA,NA,NA,NA,NA
68015301,NA,NA,NA,NA,NA,NA,NA
68015401,NA,NA,NA,NA,NA,NA,NA
68015501,NA,NA,NA,NA,NA,NA,NA
68015601,NA,NA,NA,NA,NA,NA,NA
68015701,NA,NA,NA,NA,NA,NA,NA
68015801,NA,NA,NA,NA,NA,NA,NA
68015901,NA,NA,NA,NA,NA,NA,NA
68016001,NA,NA,NA,NA,NA,NA,NA
68016101,NA,NA,NA,NA,NA,NA,NA
68016201,NA,NA,NA,NA,NA,NA,NA
68016301,NA,NA,NA,NA,NA,NA,NA
68016401,NA,NA,NA,NA,NA,NA,NA
68016501,NA,NA,NA,NA,NA,NA,NA
68016601,NA,NA,NA,NA,NA,NA,NA
68016701,NA,NA,NA,NA,NA,NA,NA
68016801,NA,NA,NA,NA,NA,NA,NA
68016901,NA,NA,NA,NA,NA,NA,NA
68017001,NA,NA,NA,NA,NA,NA,NA
68017101,NA,NA,NA,NA,NA,NA,NA
68017201,NA,NA,NA,NA,NA,NA,NA
68017301,NA,NA,NA,NA,NA,NA,NA
68017601,NA,NA,NA,NA,NA,NA,NA
68017701,NA,NA,NA,NA,NA,NA,NA
68017801,NA,NA,NA,NA,NA,NA,NA
68017901,NA,NA,NA,NA,NA,NA,NA
68018001,NA,NA,NA,NA,NA,NA,NA
68018101,NA,NA,NA,NA,NA,NA,NA
68018201,NA,NA,NA,NA,NA,NA,NA
68018401,NA,NA,NA,NA,NA,NA,NA
68018501,NA,NA,NA,NA,NA,NA,NA
68018601,NA,NA,NA,NA,NA,NA,NA
68018701,NA,NA,NA,NA,NA,NA,NA
68018801,NA,NA,NA,NA,NA,NA,NA
68018901,NA,NA,NA,NA,NA,NA,NA
68019001,NA,NA,NA,NA,NA,NA,NA
68019201,NA,NA,NA,NA,NA,NA,NA
68019301,NA,NA,NA,NA,NA,NA,NA
68019401,NA,NA,NA,NA,NA,NA,NA
68019501,NA,NA,NA,NA,NA,NA,NA
68019601,NA,NA,NA,NA,NA,NA,NA
68019701,NA,NA,NA,NA,NA,NA,NA
68019901,NA,NA,NA,NA,NA,NA,NA
68020101,NA,NA,NA,NA,NA,NA,NA
68020201,NA,NA,NA,NA,NA,NA,NA
68020301,NA,NA,NA,NA,NA,NA,NA
68020401,NA,NA,NA,NA,NA,NA,NA
68020601,NA,NA,NA,NA,NA,NA,NA
68020801,NA,NA,NA,NA,NA,NA,NA
68020901,NA,NA,NA,NA,NA,NA,NA
68021001,NA,NA,NA,NA,NA,NA,NA
68021101,NA,NA,NA,NA,NA,NA,NA
68021201,NA,NA,NA,NA,NA,NA,NA
68021301,NA,NA,NA,NA,NA,NA,NA
68021401,NA,NA,NA,NA,NA,NA,NA
68021501,NA,NA,NA,NA,NA,NA,NA
68021601,NA,NA,NA,NA,NA,NA,NA
68021701,NA,NA,NA,NA,NA,NA,NA
68021801,NA,NA,NA,NA,NA,NA,NA
68021901,NA,NA,NA,NA,NA,NA,NA
68022001,NA,NA,NA,NA,NA,NA,NA
68022101,NA,NA,NA,NA,NA,NA,NA
68022201,NA,NA,NA,NA,NA,NA,NA
68022301,NA,NA,NA,NA,NA,NA,NA
68022401,NA,NA,NA,NA,NA,NA,NA
68022501,NA,NA,NA,NA,NA,NA,NA
68022601,NA,NA,NA,NA,NA,NA,NA
68022701,NA,NA,NA,NA,NA,NA,NA
68022801,NA,NA,NA,NA,NA,NA,NA
68022901,NA,NA,NA,NA,NA,NA,NA
68023001,NA,NA,NA,NA,NA,NA,NA
68023101,NA,NA,NA,NA,NA,NA,NA
68023201,NA,NA,NA,NA,NA,NA,NA
68023301,NA,NA,NA,NA,NA,NA,NA
68023401,NA,NA,NA,NA,NA,NA,NA
68023501,NA,NA,NA,NA,NA,NA,NA
68023801,NA,NA,NA,NA,NA,NA,NA
68023901,NA,NA,NA,NA,NA,NA,NA
68024001,NA,NA,NA,NA,NA,NA,NA
68024101,NA,NA,NA,NA,NA,NA,NA
68024201,NA,NA,NA,NA,NA,NA,NA
68024401,NA,NA,NA,NA,NA,NA,NA
68024501,NA,NA,NA,NA,NA,NA,NA
68024601,NA,NA,NA,NA,NA,NA,NA
68024701,NA,NA,NA,NA,NA,NA,NA
68024801,NA,NA,NA,NA,NA,NA,NA
68025001,NA,NA,NA,NA,NA,NA,NA
68025101,NA,NA,NA,NA,NA,NA,NA
68025201,NA,NA,NA,NA,NA,NA,NA
68025301,NA,NA,NA,NA,NA,NA,NA
68025401,NA,NA,NA,NA,NA,NA,NA
68025501,NA,NA,NA,NA,NA,NA,NA
68025701,NA,NA,NA,NA,NA,NA,NA
68025801,NA,NA,NA,NA,NA,NA,NA
68025901,NA,NA,NA,NA,NA,NA,NA
68026001,NA,NA,NA,NA,NA,NA,NA
68026101,NA,NA,NA,NA,NA,NA,NA
68026201,NA,NA,NA,NA,NA,NA,NA
68026301,NA,NA,NA,NA,NA,NA,NA
68026401,NA,NA,NA,NA,NA,NA,NA
68026501,NA,NA,NA,NA,NA,NA,NA
68026601,NA,NA,NA,NA,NA,NA,NA
68026801,NA,NA,NA,NA,NA,NA,NA
68026901,NA,NA,NA,NA,NA,NA,NA
68027001,NA,NA,NA,NA,NA,NA,NA
68027101,NA,NA,NA,NA,NA,NA,NA
68027201,NA,NA,NA,NA,NA,NA,NA
68027301,NA,NA,NA,NA,NA,NA,NA
68027401,NA,NA,NA,NA,NA,NA,NA
68027601,NA,NA,NA,NA,NA,NA,NA
68027701,NA,NA,NA,NA,NA,NA,NA
68027901,NA,NA,NA,NA,NA,NA,NA
68028001,NA,NA,NA,NA,NA,NA,NA
68028101,NA,NA,NA,NA,NA,NA,NA
68028201,NA,NA,NA,NA,NA,NA,NA
68028301,NA,NA,NA,NA,NA,NA,NA
68028701,NA,NA,NA,NA,NA,NA,NA
68028901,NA,NA,NA,NA,NA,NA,NA
68029001,NA,NA,NA,NA,NA,NA,NA
68029101,NA,NA,NA,NA,NA,NA,NA
68029201,NA,NA,NA,NA,NA,NA,NA
68029401,NA,NA,NA,NA,NA,NA,NA
68029501,NA,NA,NA,NA,NA,NA,NA
68029601,NA,NA,NA,NA,NA,NA,NA
68029701,NA,NA,NA,NA,NA,NA,NA
68029801,NA,NA,NA,NA,NA,NA,NA
68029901,NA,NA,NA,NA,NA,NA,NA
68030001,NA,NA,NA,NA,NA,NA,NA
68030101,NA,NA,NA,NA,NA,NA,NA
68030201,NA,NA,NA,NA,NA,NA,NA
68030301,NA,NA,NA,NA,NA,NA,NA
68030401,NA,NA,NA,NA,NA,NA,NA
68030501,NA,NA,NA,NA,NA,NA,NA
68030601,NA,NA,NA,NA,NA,NA,NA
68030701,NA,NA,NA,NA,NA,NA,NA
68030801,NA,NA,NA,NA,NA,NA,NA
68030901,NA,NA,NA,NA,NA,NA,NA
68031001,NA,NA,NA,NA,NA,NA,NA
68031101,NA,NA,NA,NA,NA,NA,NA
68031201,NA,NA,NA,NA,NA,NA,NA
68031301,NA,NA,NA,NA,NA,NA,NA
68031401,NA,NA,NA,NA,NA,NA,NA
68031501,NA,NA,NA,NA,NA,NA,NA
68031601,NA,NA,NA,NA,NA,NA,NA
68031701,NA,NA,NA,NA,NA,NA,NA
68031801,NA,NA,NA,NA,NA,NA,NA
68031901,NA,NA,NA,NA,NA,NA,NA
68032001,NA,NA,NA,NA,NA,NA,NA
68032101,NA,NA,NA,NA,NA,NA,NA
68032201,NA,NA,NA,NA,NA,NA,NA
68032301,NA,NA,NA,NA,NA,NA,NA
68032401,NA,NA,NA,NA,NA,NA,NA
68032501,NA,NA,NA,NA,NA,NA,NA
68032601,NA,NA,NA,NA,NA,NA,NA
68032701,NA,NA,NA,NA,NA,NA,NA
68032801,NA,NA,NA,NA,NA,NA,NA
68032901,NA,NA,NA,NA,NA,NA,NA
68033001,NA,NA,NA,NA,NA,NA,NA
68033101,NA,NA,NA,NA,NA,NA,NA
68033201,NA,NA,NA,NA,NA,NA,NA
68033301,NA,NA,NA,NA,NA,NA,NA
68033401,NA,NA,NA,NA,NA,NA,NA
68033501,NA,NA,NA,NA,NA,NA,NA
68033601,NA,NA,NA,NA,NA,NA,NA
68033701,NA,NA,NA,NA,NA,NA,NA
68033801,NA,NA,NA,NA,NA,NA,NA
68033901,NA,NA,NA,NA,NA,NA,NA
68034001,NA,NA,NA,NA,NA,NA,NA
68034101,NA,NA,NA,NA,NA,NA,NA
68034201,NA,NA,NA,NA,NA,NA,NA
68034301,NA,NA,NA,NA,NA,NA,NA
68034401,NA,NA,NA,NA,NA,NA,NA
68034801,NA,NA,NA,NA,NA,NA,NA
68034901,NA,NA,NA,NA,NA,NA,NA
68035001,NA,NA,NA,NA,NA,NA,NA
68035101,NA,NA,NA,NA,NA,NA,NA
68035301,NA,NA,NA,NA,NA,NA,NA
68035501,NA,NA,NA,NA,NA,NA,NA
68035601,NA,NA,NA,NA,NA,NA,NA
68035701,NA,NA,NA,NA,NA,NA,NA
68035801,NA,NA,NA,NA,NA,NA,NA
68035901,NA,NA,NA,NA,NA,NA,NA
68036101,NA,NA,NA,NA,NA,NA,NA
68036201,NA,NA,NA,NA,NA,NA,NA
68036301,NA,NA,NA,NA,NA,NA,NA
68036501,NA,NA,NA,NA,NA,NA,NA
68036601,NA,NA,NA,NA,NA,NA,NA
68036701,NA,NA,NA,NA,NA,NA,NA
68036801,NA,NA,NA,NA,NA,NA,NA
68036901,NA,NA,NA,NA,NA,NA,NA
68037001,NA,NA,NA,NA,NA,NA,NA
68037101,NA,NA,NA,NA,NA,NA,NA
68037301,NA,NA,NA,NA,NA,NA,NA
68037401,NA,NA,NA,NA,NA,NA,NA
68037501,NA,NA,NA,NA,NA,NA,NA
68037601,NA,NA,NA,NA,NA,NA,NA
68037701,NA,NA,NA,NA,NA,NA,NA
68037801,NA,NA,NA,NA,NA,NA,NA
68037901,NA,NA,NA,NA,NA,NA,NA
68038001,NA,NA,NA,NA,NA,NA,NA
68038101,NA,NA,NA,NA,NA,NA,NA
68038201,NA,NA,NA,NA,NA,NA,NA
68038301,NA,NA,NA,NA,NA,NA,NA
68038401,NA,NA,NA,NA,NA,NA,NA
68038501,NA,NA,NA,NA,NA,NA,NA
68038601,NA,NA,NA,NA,NA,NA,NA
68038701,NA,NA,NA,NA,NA,NA,NA
68038801,NA,NA,NA,NA,NA,NA,NA
68038901,NA,NA,NA,NA,NA,NA,NA
68039001,NA,NA,NA,NA,NA,NA,NA
68039101,NA,NA,NA,NA,NA,NA,NA
68039201,NA,NA,NA,NA,NA,NA,NA
68039301,NA,NA,NA,NA,NA,NA,NA
68039401,NA,NA,NA,NA,NA,NA,NA
68039501,NA,NA,NA,NA,NA,NA,NA
68039601,NA,NA,NA,NA,NA,NA,NA
68039701,NA,NA,NA,NA,NA,NA,NA
68039801,NA,NA,NA,NA,NA,NA,NA
68039901,NA,NA,NA,NA,NA,NA,NA
68040001,NA,NA,NA,NA,NA,NA,NA
68040301,NA,NA,NA,NA,NA,NA,NA
68040501,NA,NA,NA,NA,NA,NA,NA
68040601,NA,NA,NA,NA,NA,NA,NA
68040701,NA,NA,NA,NA,NA,NA,NA
68040801,NA,NA,NA,NA,NA,NA,NA
68040901,NA,NA,NA,NA,NA,NA,NA
68041001,NA,NA,NA,NA,NA,NA,NA
68041301,NA,NA,NA,NA,NA,NA,NA
68041501,NA,NA,NA,NA,NA,NA,NA
68041601,NA,NA,NA,NA,NA,NA,NA
68041701,NA,NA,NA,NA,NA,NA,NA
68041801,NA,NA,NA,NA,NA,NA,NA
68041901,NA,NA,NA,NA,NA,NA,NA
68042001,NA,NA,NA,NA,NA,NA,NA
68042101,NA,NA,NA,NA,NA,NA,NA
68042201,NA,NA,NA,NA,NA,NA,NA
68042301,NA,NA,NA,NA,NA,NA,NA
68042401,NA,NA,NA,NA,NA,NA,NA
68042601,NA,NA,NA,NA,NA,NA,NA
68042801,NA,NA,NA,NA,NA,NA,NA
68042901,NA,NA,NA,NA,NA,NA,NA
68043001,NA,NA,NA,NA,NA,NA,NA
68043101,NA,NA,NA,NA,NA,NA,NA
68043201,NA,NA,NA,NA,NA,NA,NA
68043401,NA,NA,NA,NA,NA,NA,NA
68043601,NA,NA,NA,NA,NA,NA,NA
68043701,NA,NA,NA,NA,NA,NA,NA
68043901,NA,NA,NA,NA,NA,NA,NA
68044001,NA,NA,NA,NA,NA,NA,NA
68044101,NA,NA,NA,NA,NA,NA,NA
68044201,NA,NA,NA,NA,NA,NA,NA
68044301,NA,NA,NA,NA,NA,NA,NA
68044401,NA,NA,NA,NA,NA,NA,NA
68044501,NA,NA,NA,NA,NA,NA,NA
68044601,NA,NA,NA,NA,NA,NA,NA
68044801,NA,NA,NA,NA,NA,NA,NA
68044901,NA,NA,NA,NA,NA,NA,NA
68045001,NA,NA,NA,NA,NA,NA,NA
68045101,NA,NA,NA,NA,NA,NA,NA
68045201,NA,NA,NA,NA,NA,NA,NA
68045301,NA,NA,NA,NA,NA,NA,NA
68045401,NA,NA,NA,NA,NA,NA,NA
68045501,NA,NA,NA,NA,NA,NA,NA
68045701,NA,NA,NA,NA,NA,NA,NA
68045801,NA,NA,NA,NA,NA,NA,NA
68045901,NA,NA,NA,NA,NA,NA,NA
68046001,NA,NA,NA,NA,NA,NA,NA
68046101,NA,NA,NA,NA,NA,NA,NA
68046201,NA,NA,NA,NA,NA,NA,NA
68046301,NA,NA,NA,NA,NA,NA,NA
68046401,NA,NA,NA,NA,NA,NA,NA
68046501,NA,NA,NA,NA,NA,NA,NA
68046601,NA,NA,NA,NA,NA,NA,NA
68046701,NA,NA,NA,NA,NA,NA,NA
68046901,NA,NA,NA,NA,NA,NA,NA
68047001,NA,NA,NA,NA,NA,NA,NA
68047101,NA,NA,NA,NA,NA,NA,NA
68047201,NA,NA,NA,NA,NA,NA,NA
68047301,NA,NA,NA,NA,NA,NA,NA
68047401,NA,NA,NA,NA,NA,NA,NA
68047501,NA,NA,NA,NA,NA,NA,NA
68047601,NA,NA,NA,NA,NA,NA,NA
68047701,NA,NA,NA,NA,NA,NA,NA
68047901,NA,NA,NA,NA,NA,NA,NA
68048001,NA,NA,NA,NA,NA,NA,NA
68048101,NA,NA,NA,NA,NA,NA,NA
68048201,NA,NA,NA,NA,NA,NA,NA
68048301,NA,NA,NA,NA,NA,NA,NA
68048401,NA,NA,NA,NA,NA,NA,NA
68048501,NA,NA,NA,NA,NA,NA,NA
68048601,NA,NA,NA,NA,NA,NA,NA
68048701,NA,NA,NA,NA,NA,NA,NA
68048801,NA,NA,NA,NA,NA,NA,NA
68049001,NA,NA,NA,NA,NA,NA,NA
68049101,NA,NA,NA,NA,NA,NA,NA
68049201,NA,NA,NA,NA,NA,NA,NA
68049301,NA,NA,NA,NA,NA,NA,NA
68049401,NA,NA,NA,NA,NA,NA,NA
68049501,NA,NA,NA,NA,NA,NA,NA
68049701,NA,NA,NA,NA,NA,NA,NA
68049801,NA,NA,NA,NA,NA,NA,NA
68049901,NA,NA,NA,NA,NA,NA,NA
68050001,NA,NA,NA,NA,NA,NA,NA
68050101,NA,NA,NA,NA,NA,NA,NA
68050201,NA,NA,NA,NA,NA,NA,NA
68050301,NA,NA,NA,NA,NA,NA,NA
68050401,NA,NA,NA,NA,NA,NA,NA
68050501,NA,NA,NA,NA,NA,NA,NA
68050601,NA,NA,NA,NA,NA,NA,NA
68050701,NA,NA,NA,NA,NA,NA,NA
68050801,NA,NA,NA,NA,NA,NA,NA
68050901,NA,NA,NA,NA,NA,NA,NA
68051101,NA,NA,NA,NA,NA,NA,NA
68051301,NA,NA,NA,NA,NA,NA,NA
68051401,NA,NA,NA,NA,NA,NA,NA
