task,choice,bibkey,paper,r,subject
BRET,20,Holzmeister2019,Holzmeister and Stefan Working Paper 2019,0.25,23101
BRET,10,Holzmeister2019,Holzmeister and Stefan Working Paper 2019,0.1111111111111111,23102
BRET,63,Holzmeister2019,Holzmeister and Stefan Working Paper 2019,1.7027027027027026,23103
BRET,32,Holzmeister2019,Holzmeister and Stefan Working Paper 2019,0.47058823529411764,23104
BRET,25,Holzmeister2019,Holzmeister and Stefan Working Paper 2019,0.3333333333333333,23105
BRET,40,Holzmeister2019,Holzmeister and Stefan Working Paper 2019,0.6666666666666666,23106
BRET,35,Holzmeister2019,Holzmeister and Stefan Working Paper 2019,0.5384615384615384,23107
BRET,21,Holzmeister2019,Holzmeister and Stefan Working Paper 2019,0.26582278481012656,23108
BRET,50,Holzmeister2019,Holzmeister and Stefan Working Paper 2019,1,23109
BRET,65,Holzmeister2019,Holzmeister and Stefan Working Paper 2019,1.8571428571428572,23110
BRET,8,Holzmeister2019,Holzmeister and Stefan Working Paper 2019,0.08695652173913043,23111
BRET,30,Holzmeister2019,Holzmeister and Stefan Working Paper 2019,0.42857142857142855,23112
BRET,32,Holzmeister2019,Holzmeister and Stefan Working Paper 2019,0.47058823529411764,23113
BRET,50,Holzmeister2019,Holzmeister and Stefan Working Paper 2019,1,23114
BRET,20,Holzmeister2019,Holzmeister and Stefan Working Paper 2019,0.25,23115
BRET,11,Holzmeister2019,Holzmeister and Stefan Working Paper 2019,0.12359550561797752,23116
BRET,10,Holzmeister2019,Holzmeister and Stefan Working Paper 2019,0.1111111111111111,23117
BRET,40,Holzmeister2019,Holzmeister and Stefan Working Paper 2019,0.6666666666666666,23118
BRET,35,Holzmeister2019,Holzmeister and Stefan Working Paper 2019,0.5384615384615384,23119
BRET,55,Holzmeister2019,Holzmeister and Stefan Working Paper 2019,1.2222222222222223,23120
BRET,10,Holzmeister2019,Holzmeister and Stefan Working Paper 2019,0.1111111111111111,23121
BRET,34,Holzmeister2019,Holzmeister and Stefan Working Paper 2019,0.5151515151515151,23122
BRET,26,Holzmeister2019,Holzmeister and Stefan Working Paper 2019,0.35135135135135137,23123
BRET,20,Holzmeister2019,Holzmeister and Stefan Working Paper 2019,0.25,23124
BRET,40,Holzmeister2019,Holzmeister and Stefan Working Paper 2019,0.6666666666666666,23125
BRET,14,Holzmeister2019,Holzmeister and Stefan Working Paper 2019,0.16279069767441862,23126
BRET,25,Holzmeister2019,Holzmeister and Stefan Working Paper 2019,0.3333333333333333,23127
BRET,41,Holzmeister2019,Holzmeister and Stefan Working Paper 2019,0.6949152542372882,23128
BRET,14,Holzmeister2019,Holzmeister and Stefan Working Paper 2019,0.16279069767441862,23129
BRET,100,Holzmeister2019,Holzmeister and Stefan Working Paper 2019,10,23130
BRET,19,Holzmeister2019,Holzmeister and Stefan Working Paper 2019,0.2345679012345679,23131
BRET,55,Holzmeister2019,Holzmeister and Stefan Working Paper 2019,1.2222222222222223,23132
BRET,63,Holzmeister2019,Holzmeister and Stefan Working Paper 2019,1.7027027027027026,23133
BRET,8,Holzmeister2019,Holzmeister and Stefan Working Paper 2019,0.08695652173913043,23134
BRET,20,Holzmeister2019,Holzmeister and Stefan Working Paper 2019,0.25,23135
BRET,40,Holzmeister2019,Holzmeister and Stefan Working Paper 2019,0.6666666666666666,23136
BRET,20,Holzmeister2019,Holzmeister and Stefan Working Paper 2019,0.25,23137
BRET,39,Holzmeister2019,Holzmeister and Stefan Working Paper 2019,0.639344262295082,23138
BRET,45,Holzmeister2019,Holzmeister and Stefan Working Paper 2019,0.8181818181818182,23139
BRET,20,Holzmeister2019,Holzmeister and Stefan Working Paper 2019,0.25,23140
BRET,30,Holzmeister2019,Holzmeister and Stefan Working Paper 2019,0.42857142857142855,23141
BRET,40,Holzmeister2019,Holzmeister and Stefan Working Paper 2019,0.6666666666666666,23142
BRET,44,Holzmeister2019,Holzmeister and Stefan Working Paper 2019,0.7857142857142857,23143
BRET,10,Holzmeister2019,Holzmeister and Stefan Working Paper 2019,0.1111111111111111,23144
BRET,10,Holzmeister2019,Holzmeister and Stefan Working Paper 2019,0.1111111111111111,23145
BRET,20,Holzmeister2019,Holzmeister and Stefan Working Paper 2019,0.25,23146
BRET,30,Holzmeister2019,Holzmeister and Stefan Working Paper 2019,0.42857142857142855,23147
BRET,32,Holzmeister2019,Holzmeister and Stefan Working Paper 2019,0.47058823529411764,23148
BRET,28,Holzmeister2019,Holzmeister and Stefan Working Paper 2019,0.3888888888888889,23149
BRET,30,Holzmeister2019,Holzmeister and Stefan Working Paper 2019,0.42857142857142855,23150
BRET,25,Holzmeister2019,Holzmeister and Stefan Working Paper 2019,0.3333333333333333,23151
BRET,40,Holzmeister2019,Holzmeister and Stefan Working Paper 2019,0.6666666666666666,23152
BRET,12,Holzmeister2019,Holzmeister and Stefan Working Paper 2019,0.13636363636363635,23153
BRET,50,Holzmeister2019,Holzmeister and Stefan Working Paper 2019,1,23154
BRET,20,Holzmeister2019,Holzmeister and Stefan Working Paper 2019,0.25,23155
BRET,20,Holzmeister2019,Holzmeister and Stefan Working Paper 2019,0.25,23156
BRET,16,Holzmeister2019,Holzmeister and Stefan Working Paper 2019,0.19047619047619047,23157
BRET,34,Holzmeister2019,Holzmeister and Stefan Working Paper 2019,0.5151515151515151,23158
BRET,40,Holzmeister2019,Holzmeister and Stefan Working Paper 2019,0.6666666666666666,23159
BRET,40,Holzmeister2019,Holzmeister and Stefan Working Paper 2019,0.6666666666666666,23160
BRET,49,Holzmeister2019,Holzmeister and Stefan Working Paper 2019,0.9607843137254902,23161
BRET,33,Holzmeister2019,Holzmeister and Stefan Working Paper 2019,0.4925373134328358,23162
BRET,14,Holzmeister2019,Holzmeister and Stefan Working Paper 2019,0.16279069767441862,23163
BRET,15,Holzmeister2019,Holzmeister and Stefan Working Paper 2019,0.17647058823529413,23164
BRET,24,Holzmeister2019,Holzmeister and Stefan Working Paper 2019,0.3157894736842105,23165
BRET,20,Holzmeister2019,Holzmeister and Stefan Working Paper 2019,0.25,23166
BRET,40,Holzmeister2019,Holzmeister and Stefan Working Paper 2019,0.6666666666666666,23167
BRET,40,Holzmeister2019,Holzmeister and Stefan Working Paper 2019,0.6666666666666666,23168
BRET,27,Holzmeister2019,Holzmeister and Stefan Working Paper 2019,0.3698630136986301,23169
BRET,15,Holzmeister2019,Holzmeister and Stefan Working Paper 2019,0.17647058823529413,23170
BRET,34,Holzmeister2019,Holzmeister and Stefan Working Paper 2019,0.5151515151515151,23171
BRET,22,Holzmeister2019,Holzmeister and Stefan Working Paper 2019,0.28205128205128205,23172
BRET,26,Holzmeister2019,Holzmeister and Stefan Working Paper 2019,0.35135135135135137,23173
BRET,42,Holzmeister2019,Holzmeister and Stefan Working Paper 2019,0.7241379310344828,23174
BRET,30,Holzmeister2019,Holzmeister and Stefan Working Paper 2019,0.42857142857142855,23175
BRET,59,Holzmeister2019,Holzmeister and Stefan Working Paper 2019,1.4390243902439024,23176
BRET,46,Holzmeister2019,Holzmeister and Stefan Working Paper 2019,0.8518518518518519,23177
BRET,38,Holzmeister2019,Holzmeister and Stefan Working Paper 2019,0.6129032258064516,23178
BRET,28,Holzmeister2019,Holzmeister and Stefan Working Paper 2019,0.3888888888888889,23179
BRET,30,Holzmeister2019,Holzmeister and Stefan Working Paper 2019,0.42857142857142855,23180
BRET,30,Holzmeister2019,Holzmeister and Stefan Working Paper 2019,0.42857142857142855,23181
BRET,17,Holzmeister2019,Holzmeister and Stefan Working Paper 2019,0.20481927710843373,23182
BRET,16,Holzmeister2019,Holzmeister and Stefan Working Paper 2019,0.19047619047619047,23183
BRET,50,Holzmeister2019,Holzmeister and Stefan Working Paper 2019,1,23184
BRET,17,Holzmeister2019,Holzmeister and Stefan Working Paper 2019,0.20481927710843373,23185
BRET,30,Holzmeister2019,Holzmeister and Stefan Working Paper 2019,0.42857142857142855,23186
BRET,25,Holzmeister2019,Holzmeister and Stefan Working Paper 2019,0.3333333333333333,23187
BRET,20,Holzmeister2019,Holzmeister and Stefan Working Paper 2019,0.25,23188
BRET,30,Holzmeister2019,Holzmeister and Stefan Working Paper 2019,0.42857142857142855,23189
BRET,23,Holzmeister2019,Holzmeister and Stefan Working Paper 2019,0.2987012987012987,23190
BRET,49,Holzmeister2019,Holzmeister and Stefan Working Paper 2019,0.9607843137254902,23191
BRET,23,Holzmeister2019,Holzmeister and Stefan Working Paper 2019,0.2987012987012987,23192
BRET,33,Holzmeister2019,Holzmeister and Stefan Working Paper 2019,0.4925373134328358,23193
BRET,30,Holzmeister2019,Holzmeister and Stefan Working Paper 2019,0.42857142857142855,23194
BRET,37,Holzmeister2019,Holzmeister and Stefan Working Paper 2019,0.5873015873015873,23195
BRET,32,Holzmeister2019,Holzmeister and Stefan Working Paper 2019,0.47058823529411764,23196
BRET,13,Holzmeister2019,Holzmeister and Stefan Working Paper 2019,0.14942528735632185,23197
BRET,32,Holzmeister2019,Holzmeister and Stefan Working Paper 2019,0.47058823529411764,23198
BRET,40,Holzmeister2019,Holzmeister and Stefan Working Paper 2019,0.6666666666666666,23199
BRET,61,Holzmeister2019,Holzmeister and Stefan Working Paper 2019,1.564102564102564,23200
BRET,23,Holzmeister2019,Holzmeister and Stefan Working Paper 2019,0.2987012987012987,23201
BRET,66,Holzmeister2019,Holzmeister and Stefan Working Paper 2019,1.9411764705882353,23202
BRET,22,Holzmeister2019,Holzmeister and Stefan Working Paper 2019,0.28205128205128205,23203
BRET,24,Holzmeister2019,Holzmeister and Stefan Working Paper 2019,0.3157894736842105,23204
BRET,70,Holzmeister2019,Holzmeister and Stefan Working Paper 2019,2.3333333333333335,23205
BRET,20,Holzmeister2019,Holzmeister and Stefan Working Paper 2019,0.25,23206
BRET,22,Holzmeister2019,Holzmeister and Stefan Working Paper 2019,0.28205128205128205,23207
BRET,25,Holzmeister2019,Holzmeister and Stefan Working Paper 2019,0.3333333333333333,23208
BRET,14,Holzmeister2019,Holzmeister and Stefan Working Paper 2019,0.16279069767441862,23209
BRET,55,Holzmeister2019,Holzmeister and Stefan Working Paper 2019,1.2222222222222223,23210
BRET,35,Holzmeister2019,Holzmeister and Stefan Working Paper 2019,0.5384615384615384,23211
BRET,20,Holzmeister2019,Holzmeister and Stefan Working Paper 2019,0.25,23212
BRET,60,Holzmeister2019,Holzmeister and Stefan Working Paper 2019,1.5,23213
BRET,60,Holzmeister2019,Holzmeister and Stefan Working Paper 2019,1.5,23214
BRET,41,Holzmeister2019,Holzmeister and Stefan Working Paper 2019,0.6949152542372882,23215
BRET,20,Holzmeister2019,Holzmeister and Stefan Working Paper 2019,0.25,23216
BRET,40,Holzmeister2019,Holzmeister and Stefan Working Paper 2019,0.6666666666666666,23217
BRET,30,Holzmeister2019,Holzmeister and Stefan Working Paper 2019,0.42857142857142855,23218
BRET,10,Holzmeister2019,Holzmeister and Stefan Working Paper 2019,0.1111111111111111,23219
BRET,35,Holzmeister2019,Holzmeister and Stefan Working Paper 2019,0.5384615384615384,23220
BRET,40,Holzmeister2019,Holzmeister and Stefan Working Paper 2019,0.6666666666666666,23221
BRET,42,Holzmeister2019,Holzmeister and Stefan Working Paper 2019,0.7241379310344828,23222
BRET,8,Holzmeister2019,Holzmeister and Stefan Working Paper 2019,0.08695652173913043,23223
BRET,24,Holzmeister2019,Holzmeister and Stefan Working Paper 2019,0.3157894736842105,23224
BRET,40,Holzmeister2019,Holzmeister and Stefan Working Paper 2019,0.6666666666666666,23225
BRET,37,Holzmeister2019,Holzmeister and Stefan Working Paper 2019,0.5873015873015873,23226
BRET,10,Holzmeister2019,Holzmeister and Stefan Working Paper 2019,0.1111111111111111,23227
BRET,10,Holzmeister2019,Holzmeister and Stefan Working Paper 2019,0.1111111111111111,23228
BRET,27,Holzmeister2019,Holzmeister and Stefan Working Paper 2019,0.3698630136986301,23229
BRET,26,Holzmeister2019,Holzmeister and Stefan Working Paper 2019,0.35135135135135137,23230
BRET,20,Holzmeister2019,Holzmeister and Stefan Working Paper 2019,0.25,23231
BRET,50,Holzmeister2019,Holzmeister and Stefan Working Paper 2019,1,23232
BRET,16,Holzmeister2019,Holzmeister and Stefan Working Paper 2019,0.19047619047619047,23233
BRET,40,Holzmeister2019,Holzmeister and Stefan Working Paper 2019,0.6666666666666666,23234
BRET,37,Holzmeister2019,Holzmeister and Stefan Working Paper 2019,0.5873015873015873,23235
BRET,31,Holzmeister2019,Holzmeister and Stefan Working Paper 2019,0.4492753623188406,23236
BRET,27,Holzmeister2019,Holzmeister and Stefan Working Paper 2019,0.3698630136986301,23237
BRET,23,Holzmeister2019,Holzmeister and Stefan Working Paper 2019,0.2987012987012987,23238
BRET,20,Holzmeister2019,Holzmeister and Stefan Working Paper 2019,0.25,23239
BRET,10,Holzmeister2019,Holzmeister and Stefan Working Paper 2019,0.1111111111111111,23240
BRET,10,Holzmeister2019,Holzmeister and Stefan Working Paper 2019,0.1111111111111111,23241
BRET,24,Holzmeister2019,Holzmeister and Stefan Working Paper 2019,0.3157894736842105,23242
BRET,50,Holzmeister2019,Holzmeister and Stefan Working Paper 2019,1,23243
BRET,38,Holzmeister2019,Holzmeister and Stefan Working Paper 2019,0.6129032258064516,23244
BRET,40,Holzmeister2019,Holzmeister and Stefan Working Paper 2019,0.6666666666666666,23245
BRET,53,Holzmeister2019,Holzmeister and Stefan Working Paper 2019,1.127659574468085,23246
BRET,10,Holzmeister2019,Holzmeister and Stefan Working Paper 2019,0.1111111111111111,23247
BRET,13,Holzmeister2019,Holzmeister and Stefan Working Paper 2019,0.14942528735632185,23248
BRET,49,Holzmeister2019,Holzmeister and Stefan Working Paper 2019,0.9607843137254902,23249
BRET,45,Holzmeister2019,Holzmeister and Stefan Working Paper 2019,0.8181818181818182,23250
BRET,20,Holzmeister2019,Holzmeister and Stefan Working Paper 2019,0.25,23251
BRET,51,Holzmeister2019,Holzmeister and Stefan Working Paper 2019,1.0408163265306123,23252
BRET,32,Holzmeister2019,Holzmeister and Stefan Working Paper 2019,0.47058823529411764,23253
BRET,30,Holzmeister2019,Holzmeister and Stefan Working Paper 2019,0.42857142857142855,23254
BRET,72,Holzmeister2019,Holzmeister and Stefan Working Paper 2019,2.5714285714285716,23255
BRET,24,Holzmeister2019,Holzmeister and Stefan Working Paper 2019,0.3157894736842105,23256
BRET,42,Holzmeister2019,Holzmeister and Stefan Working Paper 2019,0.7241379310344828,23257
BRET,36,Holzmeister2019,Holzmeister and Stefan Working Paper 2019,0.5625,23258
BRET,32,Holzmeister2019,Holzmeister and Stefan Working Paper 2019,0.47058823529411764,23259
BRET,50,Holzmeister2019,Holzmeister and Stefan Working Paper 2019,1,23260
BRET,30,Holzmeister2019,Holzmeister and Stefan Working Paper 2019,0.42857142857142855,23261
BRET,35,Holzmeister2019,Holzmeister and Stefan Working Paper 2019,0.5384615384615384,23262
BRET,30,Holzmeister2019,Holzmeister and Stefan Working Paper 2019,0.42857142857142855,23263
BRET,39,Holzmeister2019,Holzmeister and Stefan Working Paper 2019,0.639344262295082,23264
BRET,31,Holzmeister2019,Holzmeister and Stefan Working Paper 2019,0.4492753623188406,23265
BRET,25,Holzmeister2019,Holzmeister and Stefan Working Paper 2019,0.3333333333333333,23266
BRET,20,Holzmeister2019,Holzmeister and Stefan Working Paper 2019,0.25,23267
BRET,49,Holzmeister2019,Holzmeister and Stefan Working Paper 2019,0.9607843137254902,23268
BRET,22,Holzmeister2019,Holzmeister and Stefan Working Paper 2019,0.28205128205128205,23269
BRET,40,Holzmeister2019,Holzmeister and Stefan Working Paper 2019,0.6666666666666666,23270
BRET,20,Holzmeister2019,Holzmeister and Stefan Working Paper 2019,0.25,23271
BRET,16,Holzmeister2019,Holzmeister and Stefan Working Paper 2019,0.19047619047619047,23272
BRET,10,Holzmeister2019,Holzmeister and Stefan Working Paper 2019,0.1111111111111111,23273
BRET,19,Holzmeister2019,Holzmeister and Stefan Working Paper 2019,0.2345679012345679,23274
BRET,30,Holzmeister2019,Holzmeister and Stefan Working Paper 2019,0.42857142857142855,23275
BRET,34,Holzmeister2019,Holzmeister and Stefan Working Paper 2019,0.5151515151515151,23276
BRET,40,Holzmeister2019,Holzmeister and Stefan Working Paper 2019,0.6666666666666666,23277
BRET,25,Holzmeister2019,Holzmeister and Stefan Working Paper 2019,0.3333333333333333,23278
BRET,25,Holzmeister2019,Holzmeister and Stefan Working Paper 2019,0.3333333333333333,23279
BRET,40,Holzmeister2019,Holzmeister and Stefan Working Paper 2019,0.6666666666666666,23280
BRET,21,Holzmeister2019,Holzmeister and Stefan Working Paper 2019,0.26582278481012656,23281
BRET,50,Holzmeister2019,Holzmeister and Stefan Working Paper 2019,1,23282
BRET,43,Holzmeister2019,Holzmeister and Stefan Working Paper 2019,0.7543859649122807,23283
BRET,18,Holzmeister2019,Holzmeister and Stefan Working Paper 2019,0.21951219512195122,23284
BRET,20,Holzmeister2019,Holzmeister and Stefan Working Paper 2019,0.25,23285
BRET,10,Holzmeister2019,Holzmeister and Stefan Working Paper 2019,0.1111111111111111,23286
BRET,50,Holzmeister2019,Holzmeister and Stefan Working Paper 2019,1,23287
BRET,30,Holzmeister2019,Holzmeister and Stefan Working Paper 2019,0.42857142857142855,23288
BRET,25,Holzmeister2019,Holzmeister and Stefan Working Paper 2019,0.3333333333333333,23289
BRET,30,Holzmeister2019,Holzmeister and Stefan Working Paper 2019,0.42857142857142855,23290
BRET,32,Holzmeister2019,Holzmeister and Stefan Working Paper 2019,0.47058823529411764,23291
BRET,11,Holzmeister2019,Holzmeister and Stefan Working Paper 2019,0.12359550561797752,23292
BRET,25,Holzmeister2019,Holzmeister and Stefan Working Paper 2019,0.3333333333333333,23293
BRET,35,Holzmeister2019,Holzmeister and Stefan Working Paper 2019,0.5384615384615384,23294
BRET,15,Holzmeister2019,Holzmeister and Stefan Working Paper 2019,0.17647058823529413,23295
BRET,45,Holzmeister2019,Holzmeister and Stefan Working Paper 2019,0.8181818181818182,23296
BRET,33,Holzmeister2019,Holzmeister and Stefan Working Paper 2019,0.4925373134328358,23297
BRET,17,Holzmeister2019,Holzmeister and Stefan Working Paper 2019,0.20481927710843373,23298
CEPL,9,Holzmeister2019,Holzmeister and Stefan Working Paper 2019,-2.93,23101
CEPL,7,Holzmeister2019,Holzmeister and Stefan Working Paper 2019,-2.3418981323880144,23102
CEPL,5,Holzmeister2019,Holzmeister and Stefan Working Paper 2019,0.914098175568506,23103
CEPL,5,Holzmeister2019,Holzmeister and Stefan Working Paper 2019,0.7895834070420824,23104
CEPL,5,Holzmeister2019,Holzmeister and Stefan Working Paper 2019,0.6381814805115573,23105
CEPL,5,Holzmeister2019,Holzmeister and Stefan Working Paper 2019,0.3074297481914982,23106
CEPL,5,Holzmeister2019,Holzmeister and Stefan Working Paper 2019,0.6674881895445286,23107
CEPL,5,Holzmeister2019,Holzmeister and Stefan Working Paper 2019,0.7485528895095921,23108
CEPL,7,Holzmeister2019,Holzmeister and Stefan Working Paper 2019,-2.8619150576065295,23109
CEPL,6,Holzmeister2019,Holzmeister and Stefan Working Paper 2019,-0.892539982595481,23110
CEPL,7,Holzmeister2019,Holzmeister and Stefan Working Paper 2019,-1.2902382594253867,23111
CEPL,4,Holzmeister2019,Holzmeister and Stefan Working Paper 2019,1.6574265284091234,23112
CEPL,7,Holzmeister2019,Holzmeister and Stefan Working Paper 2019,-1.9153365594218486,23113
CEPL,6,Holzmeister2019,Holzmeister and Stefan Working Paper 2019,-0.7010964845912531,23114
CEPL,4,Holzmeister2019,Holzmeister and Stefan Working Paper 2019,1.4681555978953837,23115
CEPL,6,Holzmeister2019,Holzmeister and Stefan Working Paper 2019,-0.819261824642308,23116
CEPL,5,Holzmeister2019,Holzmeister and Stefan Working Paper 2019,0.99779359403532,23117
CEPL,6,Holzmeister2019,Holzmeister and Stefan Working Paper 2019,-0.5451500843581742,23118
CEPL,5,Holzmeister2019,Holzmeister and Stefan Working Paper 2019,0.6897079102904535,23119
CEPL,4,Holzmeister2019,Holzmeister and Stefan Working Paper 2019,1.4694175657629966,23120
CEPL,5,Holzmeister2019,Holzmeister and Stefan Working Paper 2019,0.9623312265938146,23121
CEPL,6,Holzmeister2019,Holzmeister and Stefan Working Paper 2019,-0.21095795410685236,23122
CEPL,5,Holzmeister2019,Holzmeister and Stefan Working Paper 2019,0.19845143220387398,23123
CEPL,6,Holzmeister2019,Holzmeister and Stefan Working Paper 2019,-0.8981139477621763,23124
CEPL,5,Holzmeister2019,Holzmeister and Stefan Working Paper 2019,0.529434613296762,23125
CEPL,5,Holzmeister2019,Holzmeister and Stefan Working Paper 2019,0.11720534534659237,23126
CEPL,4,Holzmeister2019,Holzmeister and Stefan Working Paper 2019,1.592863909723237,23127
CEPL,5,Holzmeister2019,Holzmeister and Stefan Working Paper 2019,0.29740924971876664,23128
CEPL,6,Holzmeister2019,Holzmeister and Stefan Working Paper 2019,-0.3649245707062073,23129
CEPL,5,Holzmeister2019,Holzmeister and Stefan Working Paper 2019,0.5788921135943383,23130
CEPL,5,Holzmeister2019,Holzmeister and Stefan Working Paper 2019,0.18494919335702434,23131
CEPL,5,Holzmeister2019,Holzmeister and Stefan Working Paper 2019,0.7731026049586944,23132
CEPL,6,Holzmeister2019,Holzmeister and Stefan Working Paper 2019,-0.2990767566044814,23133
CEPL,7,Holzmeister2019,Holzmeister and Stefan Working Paper 2019,-1.167743284588214,23134
CEPL,8,Holzmeister2019,Holzmeister and Stefan Working Paper 2019,-0.16763589179608962,23135
CEPL,5,Holzmeister2019,Holzmeister and Stefan Working Paper 2019,0.4884738291893154,23136
CEPL,6,Holzmeister2019,Holzmeister and Stefan Working Paper 2019,-0.6153635481442324,23137
CEPL,6,Holzmeister2019,Holzmeister and Stefan Working Paper 2019,-0.1038828334561549,23138
CEPL,5,Holzmeister2019,Holzmeister and Stefan Working Paper 2019,0.08101371875265614,23139
CEPL,5,Holzmeister2019,Holzmeister and Stefan Working Paper 2019,0.912669677978847,23140
CEPL,5,Holzmeister2019,Holzmeister and Stefan Working Paper 2019,0.12730319377500565,23141
CEPL,5,Holzmeister2019,Holzmeister and Stefan Working Paper 2019,0.216456090407446,23142
CEPL,6,Holzmeister2019,Holzmeister and Stefan Working Paper 2019,-0.6730267603090032,23143
CEPL,6,Holzmeister2019,Holzmeister and Stefan Working Paper 2019,-0.35791169620119034,23144
CEPL,5,Holzmeister2019,Holzmeister and Stefan Working Paper 2019,0.7095524646225384,23145
CEPL,5,Holzmeister2019,Holzmeister and Stefan Working Paper 2019,0.16861671343678608,23146
CEPL,5,Holzmeister2019,Holzmeister and Stefan Working Paper 2019,0.8118402263009921,23147
CEPL,6,Holzmeister2019,Holzmeister and Stefan Working Paper 2019,-0.02129339958075427,23148
CEPL,5,Holzmeister2019,Holzmeister and Stefan Working Paper 2019,0.4221181365987286,23149
CEPL,5,Holzmeister2019,Holzmeister and Stefan Working Paper 2019,0.1655932294507511,23150
CEPL,5,Holzmeister2019,Holzmeister and Stefan Working Paper 2019,0.8074887653905898,23151
CEPL,5,Holzmeister2019,Holzmeister and Stefan Working Paper 2019,0.08893123909132555,23152
CEPL,6,Holzmeister2019,Holzmeister and Stefan Working Paper 2019,-0.6854487855918705,23153
CEPL,5,Holzmeister2019,Holzmeister and Stefan Working Paper 2019,0.9063445947994477,23154
CEPL,5,Holzmeister2019,Holzmeister and Stefan Working Paper 2019,0.5984758967556991,23155
CEPL,9,Holzmeister2019,Holzmeister and Stefan Working Paper 2019,-2.93,23156
CEPL,5,Holzmeister2019,Holzmeister and Stefan Working Paper 2019,0.21532769776647911,23157
CEPL,5,Holzmeister2019,Holzmeister and Stefan Working Paper 2019,0.290553115606308,23158
CEPL,5,Holzmeister2019,Holzmeister and Stefan Working Paper 2019,0.7252984706009737,23159
CEPL,5,Holzmeister2019,Holzmeister and Stefan Working Paper 2019,0.2846837263694033,23160
CEPL,5,Holzmeister2019,Holzmeister and Stefan Working Paper 2019,0.08761693467851729,23161
CEPL,5,Holzmeister2019,Holzmeister and Stefan Working Paper 2019,0.7594458582648076,23162
CEPL,4,Holzmeister2019,Holzmeister and Stefan Working Paper 2019,1.8262576961982995,23163
CEPL,6,Holzmeister2019,Holzmeister and Stefan Working Paper 2019,-0.29408029912505296,23164
CEPL,5,Holzmeister2019,Holzmeister and Stefan Working Paper 2019,0.12635192341869697,23165
CEPL,5,Holzmeister2019,Holzmeister and Stefan Working Paper 2019,0.3615571219543926,23166
CEPL,5,Holzmeister2019,Holzmeister and Stefan Working Paper 2019,0.14385395252844319,23167
CEPL,6,Holzmeister2019,Holzmeister and Stefan Working Paper 2019,-0.9003316459013149,23168
CEPL,6,Holzmeister2019,Holzmeister and Stefan Working Paper 2019,-0.35690096775069824,23169
CEPL,8,Holzmeister2019,Holzmeister and Stefan Working Paper 2019,-2.1390980971907267,23170
CEPL,1,Holzmeister2019,Holzmeister and Stefan Working Paper 2019,7.96,23171
CEPL,5,Holzmeister2019,Holzmeister and Stefan Working Paper 2019,0.955482499192003,23172
CEPL,9,Holzmeister2019,Holzmeister and Stefan Working Paper 2019,-2.93,23173
CEPL,4,Holzmeister2019,Holzmeister and Stefan Working Paper 2019,1.4848013417236507,23174
CEPL,5,Holzmeister2019,Holzmeister and Stefan Working Paper 2019,0.26884671199833976,23175
CEPL,5,Holzmeister2019,Holzmeister and Stefan Working Paper 2019,0.9032928431453182,23176
CEPL,5,Holzmeister2019,Holzmeister and Stefan Working Paper 2019,0.19150605595437808,23177
CEPL,5,Holzmeister2019,Holzmeister and Stefan Working Paper 2019,0.5011085998709313,23178
CEPL,4,Holzmeister2019,Holzmeister and Stefan Working Paper 2019,1.0697172101400794,23179
CEPL,5,Holzmeister2019,Holzmeister and Stefan Working Paper 2019,0.23822656359989194,23180
CEPL,5,Holzmeister2019,Holzmeister and Stefan Working Paper 2019,0.10067978404695169,23181
CEPL,5,Holzmeister2019,Holzmeister and Stefan Working Paper 2019,0.8449427606444806,23182
CEPL,5,Holzmeister2019,Holzmeister and Stefan Working Paper 2019,0.16951011461671442,23183
CEPL,4,Holzmeister2019,Holzmeister and Stefan Working Paper 2019,2.023927402114496,23184
CEPL,5,Holzmeister2019,Holzmeister and Stefan Working Paper 2019,0.6673606233205647,23185
CEPL,7,Holzmeister2019,Holzmeister and Stefan Working Paper 2019,-2.591128145053517,23186
CEPL,6,Holzmeister2019,Holzmeister and Stefan Working Paper 2019,-0.6234490065393038,23187
CEPL,7,Holzmeister2019,Holzmeister and Stefan Working Paper 2019,-2.617472972823307,23188
CEPL,5,Holzmeister2019,Holzmeister and Stefan Working Paper 2019,0.657821034216322,23189
CEPL,5,Holzmeister2019,Holzmeister and Stefan Working Paper 2019,0.784752442059107,23190
CEPL,5,Holzmeister2019,Holzmeister and Stefan Working Paper 2019,0.11936645076377317,23191
CEPL,7,Holzmeister2019,Holzmeister and Stefan Working Paper 2019,-1.9616462419973688,23192
CEPL,5,Holzmeister2019,Holzmeister and Stefan Working Paper 2019,0.8653961688512937,23193
CEPL,5,Holzmeister2019,Holzmeister and Stefan Working Paper 2019,0.11163764824159444,23194
CEPL,2,Holzmeister2019,Holzmeister and Stefan Working Paper 2019,7.813341225069016,23195
CEPL,7,Holzmeister2019,Holzmeister and Stefan Working Paper 2019,-1.0930342019256205,23196
CEPL,4,Holzmeister2019,Holzmeister and Stefan Working Paper 2019,2.0020990670705214,23197
CEPL,5,Holzmeister2019,Holzmeister and Stefan Working Paper 2019,0.41735850196797397,23198
CEPL,6,Holzmeister2019,Holzmeister and Stefan Working Paper 2019,-0.8058712780592032,23199
CEPL,1,Holzmeister2019,Holzmeister and Stefan Working Paper 2019,7.96,23200
CEPL,7,Holzmeister2019,Holzmeister and Stefan Working Paper 2019,-2.8988099199905992,23201
CEPL,3,Holzmeister2019,Holzmeister and Stefan Working Paper 2019,2.7254653835226783,23202
CEPL,5,Holzmeister2019,Holzmeister and Stefan Working Paper 2019,0.3453750455076806,23203
CEPL,5,Holzmeister2019,Holzmeister and Stefan Working Paper 2019,0.4128884782548994,23204
CEPL,5,Holzmeister2019,Holzmeister and Stefan Working Paper 2019,0.8284444915340281,23205
CEPL,5,Holzmeister2019,Holzmeister and Stefan Working Paper 2019,0.12850274029420689,23206
CEPL,3,Holzmeister2019,Holzmeister and Stefan Working Paper 2019,3.3553027629991994,23207
CEPL,3,Holzmeister2019,Holzmeister and Stefan Working Paper 2019,2.9645557042118162,23208
CEPL,5,Holzmeister2019,Holzmeister and Stefan Working Paper 2019,0.18281045423122122,23209
CEPL,5,Holzmeister2019,Holzmeister and Stefan Working Paper 2019,0.4386122798989527,23210
CEPL,5,Holzmeister2019,Holzmeister and Stefan Working Paper 2019,0.8415733631770126,23211
CEPL,7,Holzmeister2019,Holzmeister and Stefan Working Paper 2019,-1.6575774033437483,23212
CEPL,7,Holzmeister2019,Holzmeister and Stefan Working Paper 2019,-1.5381474266527222,23213
CEPL,5,Holzmeister2019,Holzmeister and Stefan Working Paper 2019,0.8315134508092887,23214
CEPL,5,Holzmeister2019,Holzmeister and Stefan Working Paper 2019,0.794683694713749,23215
CEPL,3,Holzmeister2019,Holzmeister and Stefan Working Paper 2019,2.6495447069313376,23216
CEPL,5,Holzmeister2019,Holzmeister and Stefan Working Paper 2019,0.6022034918097778,23217
CEPL,5,Holzmeister2019,Holzmeister and Stefan Working Paper 2019,0.8385161904152483,23218
CEPL,5,Holzmeister2019,Holzmeister and Stefan Working Paper 2019,0.7740409435611217,23219
CEPL,5,Holzmeister2019,Holzmeister and Stefan Working Paper 2019,0.321922720442526,23220
CEPL,5,Holzmeister2019,Holzmeister and Stefan Working Paper 2019,0.32431905139237643,23221
CEPL,5,Holzmeister2019,Holzmeister and Stefan Working Paper 2019,0.44169320281129326,23222
CEPL,9,Holzmeister2019,Holzmeister and Stefan Working Paper 2019,-2.93,23223
CEPL,5,Holzmeister2019,Holzmeister and Stefan Working Paper 2019,0.6859396772831678,23224
CEPL,7,Holzmeister2019,Holzmeister and Stefan Working Paper 2019,-1.2100052365404554,23225
CEPL,5,Holzmeister2019,Holzmeister and Stefan Working Paper 2019,0.22165624026907607,23226
CEPL,5,Holzmeister2019,Holzmeister and Stefan Working Paper 2019,0.08895267472602428,23227
CEPL,6,Holzmeister2019,Holzmeister and Stefan Working Paper 2019,-0.3150720393424853,23228
CEPL,4,Holzmeister2019,Holzmeister and Stefan Working Paper 2019,1.6509668086189777,23229
CEPL,6,Holzmeister2019,Holzmeister and Stefan Working Paper 2019,-0.5929693369125015,23230
CEPL,5,Holzmeister2019,Holzmeister and Stefan Working Paper 2019,0.9184715049620717,23231
CEPL,4,Holzmeister2019,Holzmeister and Stefan Working Paper 2019,1.639935236996971,23232
CEPL,4,Holzmeister2019,Holzmeister and Stefan Working Paper 2019,1.0909108399925753,23233
CEPL,5,Holzmeister2019,Holzmeister and Stefan Working Paper 2019,0.5018032772676088,23234
CEPL,4,Holzmeister2019,Holzmeister and Stefan Working Paper 2019,1.1455591898597777,23235
CEPL,4,Holzmeister2019,Holzmeister and Stefan Working Paper 2019,1.273826490016654,23236
CEPL,6,Holzmeister2019,Holzmeister and Stefan Working Paper 2019,-0.07020237982273092,23237
CEPL,4,Holzmeister2019,Holzmeister and Stefan Working Paper 2019,1.860564373205416,23238
CEPL,8,Holzmeister2019,Holzmeister and Stefan Working Paper 2019,-0.9559318864671513,23239
CEPL,9,Holzmeister2019,Holzmeister and Stefan Working Paper 2019,-2.93,23240
CEPL,4,Holzmeister2019,Holzmeister and Stefan Working Paper 2019,2.0359805529983714,23241
CEPL,4,Holzmeister2019,Holzmeister and Stefan Working Paper 2019,1.7335530014615506,23242
CEPL,5,Holzmeister2019,Holzmeister and Stefan Working Paper 2019,0.9469470310467294,23243
CEPL,6,Holzmeister2019,Holzmeister and Stefan Working Paper 2019,-0.22946703924797474,23244
CEPL,5,Holzmeister2019,Holzmeister and Stefan Working Paper 2019,0.8417392838024533,23245
CEPL,5,Holzmeister2019,Holzmeister and Stefan Working Paper 2019,0.9819269478414208,23246
CEPL,7,Holzmeister2019,Holzmeister and Stefan Working Paper 2019,-1.394252671301365,23247
CEPL,6,Holzmeister2019,Holzmeister and Stefan Working Paper 2019,-0.22409361951751627,23248
CEPL,5,Holzmeister2019,Holzmeister and Stefan Working Paper 2019,0.7181493669352494,23249
CEPL,5,Holzmeister2019,Holzmeister and Stefan Working Paper 2019,0.6200698756077327,23250
CEPL,5,Holzmeister2019,Holzmeister and Stefan Working Paper 2019,0.8935647696466185,23251
CEPL,5,Holzmeister2019,Holzmeister and Stefan Working Paper 2019,0.3857167803077027,23252
CEPL,6,Holzmeister2019,Holzmeister and Stefan Working Paper 2019,-0.4325460116285831,23253
CEPL,3,Holzmeister2019,Holzmeister and Stefan Working Paper 2019,2.3938224363164045,23254
CEPL,5,Holzmeister2019,Holzmeister and Stefan Working Paper 2019,0.7472742514638231,23255
CEPL,5,Holzmeister2019,Holzmeister and Stefan Working Paper 2019,0.5230893802526406,23256
CEPL,5,Holzmeister2019,Holzmeister and Stefan Working Paper 2019,0.7997589988657272,23257
CEPL,5,Holzmeister2019,Holzmeister and Stefan Working Paper 2019,0.38766834419453516,23258
CEPL,5,Holzmeister2019,Holzmeister and Stefan Working Paper 2019,0.7374447768786923,23259
CEPL,4,Holzmeister2019,Holzmeister and Stefan Working Paper 2019,1.3549113088985905,23260
CEPL,6,Holzmeister2019,Holzmeister and Stefan Working Paper 2019,-0.044071191169787194,23261
CEPL,5,Holzmeister2019,Holzmeister and Stefan Working Paper 2019,0.8477521470398641,23262
CEPL,5,Holzmeister2019,Holzmeister and Stefan Working Paper 2019,0.8906845515733584,23263
CEPL,5,Holzmeister2019,Holzmeister and Stefan Working Paper 2019,0.2954807779402472,23264
CEPL,7,Holzmeister2019,Holzmeister and Stefan Working Paper 2019,-2.726520845501218,23265
CEPL,6,Holzmeister2019,Holzmeister and Stefan Working Paper 2019,-0.7477461679163389,23266
CEPL,5,Holzmeister2019,Holzmeister and Stefan Working Paper 2019,0.4785472343652509,23267
CEPL,6,Holzmeister2019,Holzmeister and Stefan Working Paper 2019,-0.8368880210234784,23268
CEPL,4,Holzmeister2019,Holzmeister and Stefan Working Paper 2019,1.0950181787647306,23269
CEPL,6,Holzmeister2019,Holzmeister and Stefan Working Paper 2019,-0.3174855223158374,23270
CEPL,6,Holzmeister2019,Holzmeister and Stefan Working Paper 2019,-0.23060124489478762,23271
CEPL,6,Holzmeister2019,Holzmeister and Stefan Working Paper 2019,-0.6941306598018855,23272
CEPL,6,Holzmeister2019,Holzmeister and Stefan Working Paper 2019,-0.13173518365249037,23273
CEPL,5,Holzmeister2019,Holzmeister and Stefan Working Paper 2019,0.9348109297291376,23274
CEPL,4,Holzmeister2019,Holzmeister and Stefan Working Paper 2019,1.2221458932431415,23275
CEPL,6,Holzmeister2019,Holzmeister and Stefan Working Paper 2019,-0.4778955518454313,23276
CEPL,5,Holzmeister2019,Holzmeister and Stefan Working Paper 2019,0.602963237222284,23277
CEPL,9,Holzmeister2019,Holzmeister and Stefan Working Paper 2019,-2.93,23278
CEPL,6,Holzmeister2019,Holzmeister and Stefan Working Paper 2019,-0.9374983619642444,23279
CEPL,6,Holzmeister2019,Holzmeister and Stefan Working Paper 2019,-0.9760124253109097,23280
CEPL,6,Holzmeister2019,Holzmeister and Stefan Working Paper 2019,-0.9182401839247905,23281
CEPL,5,Holzmeister2019,Holzmeister and Stefan Working Paper 2019,0.8404248864972033,23282
CEPL,5,Holzmeister2019,Holzmeister and Stefan Working Paper 2019,0.6924289224110542,23283
CEPL,4,Holzmeister2019,Holzmeister and Stefan Working Paper 2019,1.742225736011751,23284
CEPL,7,Holzmeister2019,Holzmeister and Stefan Working Paper 2019,-2.8945794864022174,23285
CEPL,8,Holzmeister2019,Holzmeister and Stefan Working Paper 2019,-2.5864275870495477,23286
CEPL,2,Holzmeister2019,Holzmeister and Stefan Working Paper 2019,4.027553102620877,23287
CEPL,5,Holzmeister2019,Holzmeister and Stefan Working Paper 2019,0.2789694625302218,23288
CEPL,5,Holzmeister2019,Holzmeister and Stefan Working Paper 2019,0.56425147267524145,23289
CEPL,7,Holzmeister2019,Holzmeister and Stefan Working Paper 2019,-1.73434524908429,23290
CEPL,5,Holzmeister2019,Holzmeister and Stefan Working Paper 2019,0.07595868788892404,23291
CEPL,7,Holzmeister2019,Holzmeister and Stefan Working Paper 2019,-1.468548688129522,23292
CEPL,6,Holzmeister2019,Holzmeister and Stefan Working Paper 2019,-0.44687218379927796,23293
CEPL,5,Holzmeister2019,Holzmeister and Stefan Working Paper 2019,0.8578444325318559,23294
CEPL,6,Holzmeister2019,Holzmeister and Stefan Working Paper 2019,-0.20135968854650854,23295
CEPL,6,Holzmeister2019,Holzmeister and Stefan Working Paper 2019,-0.1946752467518672,23296
CEPL,5,Holzmeister2019,Holzmeister and Stefan Working Paper 2019,0.5218994770082646,23297
CEPL,5,Holzmeister2019,Holzmeister and Stefan Working Paper 2019,0.08555612300056965,23298
HL,3,Holzmeister2019,Holzmeister and Stefan Working Paper 2019,0.08089138490147889,23101
HL,3,Holzmeister2019,Holzmeister and Stefan Working Paper 2019,0.15533738418715076,23102
HL,8,Holzmeister2019,Holzmeister and Stefan Working Paper 2019,1.9182629207195714,23103
HL,5,Holzmeister2019,Holzmeister and Stefan Working Paper 2019,0.8291323946230114,23104
HL,5,Holzmeister2019,Holzmeister and Stefan Working Paper 2019,0.636095188674517,23105
HL,5,Holzmeister2019,Holzmeister and Stefan Working Paper 2019,0.7037706881063058,23106
HL,3,Holzmeister2019,Holzmeister and Stefan Working Paper 2019,0.16241586240474137,23107
HL,4,Holzmeister2019,Holzmeister and Stefan Working Paper 2019,0.5122605233150535,23108
HL,6,Holzmeister2019,Holzmeister and Stefan Working Paper 2019,1.0261518879793583,23109
HL,7,Holzmeister2019,Holzmeister and Stefan Working Paper 2019,1.3361953085660934,23110
HL,3,Holzmeister2019,Holzmeister and Stefan Working Paper 2019,0.14461410075658934,23111
HL,3,Holzmeister2019,Holzmeister and Stefan Working Paper 2019,0.3162052585138009,23112
HL,3,Holzmeister2019,Holzmeister and Stefan Working Paper 2019,0.13505900314077735,23113
HL,3,Holzmeister2019,Holzmeister and Stefan Working Paper 2019,0.19241187093080955,23114
HL,0,Holzmeister2019,Holzmeister and Stefan Working Paper 2019,-0.37,23115
HL,3,Holzmeister2019,Holzmeister and Stefan Working Paper 2019,0.21651298897340895,23116
HL,5,Holzmeister2019,Holzmeister and Stefan Working Paper 2019,0.8108791965059936,23117
HL,4,Holzmeister2019,Holzmeister and Stefan Working Paper 2019,0.36972284624818713,23118
HL,3,Holzmeister2019,Holzmeister and Stefan Working Paper 2019,0.25861200097249826,23119
HL,4,Holzmeister2019,Holzmeister and Stefan Working Paper 2019,0.5499522007885389,23120
HL,4,Holzmeister2019,Holzmeister and Stefan Working Paper 2019,0.33399733795318753,23121
HL,5,Holzmeister2019,Holzmeister and Stefan Working Paper 2019,0.6276365857943892,23122
HL,4,Holzmeister2019,Holzmeister and Stefan Working Paper 2019,0.5861585928034037,23123
HL,4,Holzmeister2019,Holzmeister and Stefan Working Paper 2019,0.5108655008324422,23124
HL,4,Holzmeister2019,Holzmeister and Stefan Working Paper 2019,0.461058283499442,23125
HL,5,Holzmeister2019,Holzmeister and Stefan Working Paper 2019,0.669186765095219,23126
HL,3,Holzmeister2019,Holzmeister and Stefan Working Paper 2019,0.08126366569893435,23127
HL,5,Holzmeister2019,Holzmeister and Stefan Working Paper 2019,0.6349445065390318,23128
HL,4,Holzmeister2019,Holzmeister and Stefan Working Paper 2019,0.38414289344800634,23129
HL,0,Holzmeister2019,Holzmeister and Stefan Working Paper 2019,-0.37,23130
HL,7,Holzmeister2019,Holzmeister and Stefan Working Paper 2019,1.45712595816236,23131
HL,7,Holzmeister2019,Holzmeister and Stefan Working Paper 2019,1.3859995963750407,23132
HL,4,Holzmeister2019,Holzmeister and Stefan Working Paper 2019,0.588464391878806,23133
HL,0,Holzmeister2019,Holzmeister and Stefan Working Paper 2019,-0.37,23134
HL,2,Holzmeister2019,Holzmeister and Stefan Working Paper 2019,-0.24975582042708994,23135
HL,7,Holzmeister2019,Holzmeister and Stefan Working Paper 2019,1.3140448203776032,23136
HL,1,Holzmeister2019,Holzmeister and Stefan Working Paper 2019,-0.37,23137
HL,3,Holzmeister2019,Holzmeister and Stefan Working Paper 2019,0.03935811542207375,23138
HL,5,Holzmeister2019,Holzmeister and Stefan Working Paper 2019,0.7661294296337291,23139
HL,2,Holzmeister2019,Holzmeister and Stefan Working Paper 2019,-0.2637531786970794,23140
HL,2,Holzmeister2019,Holzmeister and Stefan Working Paper 2019,-0.33704438803717496,23141
HL,5,Holzmeister2019,Holzmeister and Stefan Working Paper 2019,0.6787133413925767,23142
HL,4,Holzmeister2019,Holzmeister and Stefan Working Paper 2019,0.41996828810777515,23143
HL,1,Holzmeister2019,Holzmeister and Stefan Working Paper 2019,-0.37,23144
HL,6,Holzmeister2019,Holzmeister and Stefan Working Paper 2019,0.9124252462526783,23145
HL,4,Holzmeister2019,Holzmeister and Stefan Working Paper 2019,0.3939029719587415,23146
HL,5,Holzmeister2019,Holzmeister and Stefan Working Paper 2019,0.5957341471035034,23147
HL,3,Holzmeister2019,Holzmeister and Stefan Working Paper 2019,0.30424459487665445,23148
HL,3,Holzmeister2019,Holzmeister and Stefan Working Paper 2019,0.2635572684556246,23149
HL,3,Holzmeister2019,Holzmeister and Stefan Working Paper 2019,0.19433489164337517,23150
HL,5,Holzmeister2019,Holzmeister and Stefan Working Paper 2019,0.6201489149359986,23151
HL,3,Holzmeister2019,Holzmeister and Stefan Working Paper 2019,0.1254688774445094,23152
HL,3,Holzmeister2019,Holzmeister and Stefan Working Paper 2019,0.06689830429153518,23153
HL,6,Holzmeister2019,Holzmeister and Stefan Working Paper 2019,0.9557553416583686,23154
HL,0,Holzmeister2019,Holzmeister and Stefan Working Paper 2019,-0.37,23155
HL,0,Holzmeister2019,Holzmeister and Stefan Working Paper 2019,-0.37,23156
HL,5,Holzmeister2019,Holzmeister and Stefan Working Paper 2019,0.7467816645279526,23157
HL,5,Holzmeister2019,Holzmeister and Stefan Working Paper 2019,0.8309035803517326,23158
HL,4,Holzmeister2019,Holzmeister and Stefan Working Paper 2019,0.5058290392649359,23159
HL,5,Holzmeister2019,Holzmeister and Stefan Working Paper 2019,0.7739087902661412,23160
HL,7,Holzmeister2019,Holzmeister and Stefan Working Paper 2019,1.253310195361264,23161
HL,3,Holzmeister2019,Holzmeister and Stefan Working Paper 2019,0.30590718408580875,23162
HL,4,Holzmeister2019,Holzmeister and Stefan Working Paper 2019,0.3946829666593112,23163
HL,2,Holzmeister2019,Holzmeister and Stefan Working Paper 2019,-0.24467041527852415,23164
HL,3,Holzmeister2019,Holzmeister and Stefan Working Paper 2019,0.22610648760804908,23165
HL,2,Holzmeister2019,Holzmeister and Stefan Working Paper 2019,-0.011221921984106265,23166
HL,4,Holzmeister2019,Holzmeister and Stefan Working Paper 2019,0.5265797151601873,23167
HL,4,Holzmeister2019,Holzmeister and Stefan Working Paper 2019,0.5109667121246457,23168
HL,3,Holzmeister2019,Holzmeister and Stefan Working Paper 2019,0.21768913759384306,23169
HL,1,Holzmeister2019,Holzmeister and Stefan Working Paper 2019,-0.37,23170
HL,7,Holzmeister2019,Holzmeister and Stefan Working Paper 2019,1.1937606464792043,23171
HL,3,Holzmeister2019,Holzmeister and Stefan Working Paper 2019,0.24477158664027232,23172
HL,0,Holzmeister2019,Holzmeister and Stefan Working Paper 2019,-0.37,23173
HL,3,Holzmeister2019,Holzmeister and Stefan Working Paper 2019,0.20562410111539067,23174
HL,3,Holzmeister2019,Holzmeister and Stefan Working Paper 2019,0.19043344669742512,23175
HL,7,Holzmeister2019,Holzmeister and Stefan Working Paper 2019,1.1905298950942231,23176
HL,4,Holzmeister2019,Holzmeister and Stefan Working Paper 2019,0.47935898814816025,23177
HL,5,Holzmeister2019,Holzmeister and Stefan Working Paper 2019,0.8031308979075402,23178
HL,4,Holzmeister2019,Holzmeister and Stefan Working Paper 2019,0.4829415093269199,23179
HL,2,Holzmeister2019,Holzmeister and Stefan Working Paper 2019,0.004928844161331658,23180
HL,3,Holzmeister2019,Holzmeister and Stefan Working Paper 2019,0.2747349054017104,23181
HL,5,Holzmeister2019,Holzmeister and Stefan Working Paper 2019,0.6345226707309484,23182
HL,3,Holzmeister2019,Holzmeister and Stefan Working Paper 2019,0.22811218224465848,23183
HL,5,Holzmeister2019,Holzmeister and Stefan Working Paper 2019,0.6154096463089809,23184
HL,1,Holzmeister2019,Holzmeister and Stefan Working Paper 2019,-0.37,23185
HL,4,Holzmeister2019,Holzmeister and Stefan Working Paper 2019,0.44455581668298694,23186
HL,3,Holzmeister2019,Holzmeister and Stefan Working Paper 2019,0.24031318350695077,23187
HL,2,Holzmeister2019,Holzmeister and Stefan Working Paper 2019,-0.21112595003098247,23188
HL,3,Holzmeister2019,Holzmeister and Stefan Working Paper 2019,0.05829543969593942,23189
HL,4,Holzmeister2019,Holzmeister and Stefan Working Paper 2019,0.33803952710237356,23190
HL,3,Holzmeister2019,Holzmeister and Stefan Working Paper 2019,0.07179581715492532,23191
HL,3,Holzmeister2019,Holzmeister and Stefan Working Paper 2019,0.20541751340031625,23192
HL,8,Holzmeister2019,Holzmeister and Stefan Working Paper 2019,1.7673272622330114,23193
HL,3,Holzmeister2019,Holzmeister and Stefan Working Paper 2019,0.22079154995502906,23194
HL,1,Holzmeister2019,Holzmeister and Stefan Working Paper 2019,-0.37,23195
HL,5,Holzmeister2019,Holzmeister and Stefan Working Paper 2019,0.5936921597179025,23196
HL,4,Holzmeister2019,Holzmeister and Stefan Working Paper 2019,0.5488642508583144,23197
HL,3,Holzmeister2019,Holzmeister and Stefan Working Paper 2019,0.30635956572135914,23198
HL,5,Holzmeister2019,Holzmeister and Stefan Working Paper 2019,0.762035584775731,23199
HL,6,Holzmeister2019,Holzmeister and Stefan Working Paper 2019,1.0022160194348544,23200
HL,4,Holzmeister2019,Holzmeister and Stefan Working Paper 2019,0.5378607085882686,23201
HL,5,Holzmeister2019,Holzmeister and Stefan Working Paper 2019,0.7285121842334047,23202
HL,4,Holzmeister2019,Holzmeister and Stefan Working Paper 2019,0.392350112372078,23203
HL,4,Holzmeister2019,Holzmeister and Stefan Working Paper 2019,0.4691688292403705,23204
HL,4,Holzmeister2019,Holzmeister and Stefan Working Paper 2019,0.5240922615304588,23205
HL,0,Holzmeister2019,Holzmeister and Stefan Working Paper 2019,-0.37,23206
HL,5,Holzmeister2019,Holzmeister and Stefan Working Paper 2019,0.8076875975029543,23207
HL,5,Holzmeister2019,Holzmeister and Stefan Working Paper 2019,0.8421460740687325,23208
HL,2,Holzmeister2019,Holzmeister and Stefan Working Paper 2019,-0.019953466840088363,23209
HL,5,Holzmeister2019,Holzmeister and Stefan Working Paper 2019,0.6064528981596231,23210
HL,3,Holzmeister2019,Holzmeister and Stefan Working Paper 2019,0.23856523776892574,23211
HL,3,Holzmeister2019,Holzmeister and Stefan Working Paper 2019,0.11304481593659149,23212
HL,5,Holzmeister2019,Holzmeister and Stefan Working Paper 2019,0.5942178536951541,23213
HL,3,Holzmeister2019,Holzmeister and Stefan Working Paper 2019,0.27313307310687385,23214
HL,4,Holzmeister2019,Holzmeister and Stefan Working Paper 2019,0.4346493924059905,23215
HL,5,Holzmeister2019,Holzmeister and Stefan Working Paper 2019,0.8141458294168115,23216
HL,3,Holzmeister2019,Holzmeister and Stefan Working Paper 2019,0.30450254883617167,23217
HL,3,Holzmeister2019,Holzmeister and Stefan Working Paper 2019,0.051347609194926924,23218
HL,2,Holzmeister2019,Holzmeister and Stefan Working Paper 2019,-0.1472152337245643,23219
HL,3,Holzmeister2019,Holzmeister and Stefan Working Paper 2019,0.3078915413795039,23220
HL,3,Holzmeister2019,Holzmeister and Stefan Working Paper 2019,0.07159026575041935,23221
HL,6,Holzmeister2019,Holzmeister and Stefan Working Paper 2019,0.9648983806604519,23222
HL,1,Holzmeister2019,Holzmeister and Stefan Working Paper 2019,-0.37,23223
HL,5,Holzmeister2019,Holzmeister and Stefan Working Paper 2019,0.7005537657579407,23224
HL,5,Holzmeister2019,Holzmeister and Stefan Working Paper 2019,0.7551912873331457,23225
HL,3,Holzmeister2019,Holzmeister and Stefan Working Paper 2019,0.18649011314380914,23226
HL,5,Holzmeister2019,Holzmeister and Stefan Working Paper 2019,0.7122158954059705,23227
HL,0,Holzmeister2019,Holzmeister and Stefan Working Paper 2019,-0.37,23228
HL,4,Holzmeister2019,Holzmeister and Stefan Working Paper 2019,0.5246927168080583,23229
HL,7,Holzmeister2019,Holzmeister and Stefan Working Paper 2019,1.3711872017523272,23230
HL,3,Holzmeister2019,Holzmeister and Stefan Working Paper 2019,0.25355645797215404,23231
HL,6,Holzmeister2019,Holzmeister and Stefan Working Paper 2019,0.9716872988035902,23232
HL,4,Holzmeister2019,Holzmeister and Stefan Working Paper 2019,0.499973231155891,23233
HL,4,Holzmeister2019,Holzmeister and Stefan Working Paper 2019,0.4594994373479858,23234
HL,4,Holzmeister2019,Holzmeister and Stefan Working Paper 2019,0.45806118473876267,23235
HL,4,Holzmeister2019,Holzmeister and Stefan Working Paper 2019,0.42521928230766204,23236
HL,3,Holzmeister2019,Holzmeister and Stefan Working Paper 2019,0.21627310313051568,23237
HL,3,Holzmeister2019,Holzmeister and Stefan Working Paper 2019,0.2837254899181426,23238
HL,4,Holzmeister2019,Holzmeister and Stefan Working Paper 2019,0.3941441824915819,23239
HL,1,Holzmeister2019,Holzmeister and Stefan Working Paper 2019,-0.37,23240
HL,7,Holzmeister2019,Holzmeister and Stefan Working Paper 2019,1.180236454536207,23241
HL,1,Holzmeister2019,Holzmeister and Stefan Working Paper 2019,-0.37,23242
HL,4,Holzmeister2019,Holzmeister and Stefan Working Paper 2019,0.49363515536999325,23243
HL,3,Holzmeister2019,Holzmeister and Stefan Working Paper 2019,0.050986864475999025,23244
HL,6,Holzmeister2019,Holzmeister and Stefan Working Paper 2019,1.0943996367510407,23245
HL,4,Holzmeister2019,Holzmeister and Stefan Working Paper 2019,0.5314361215662211,23246
HL,1,Holzmeister2019,Holzmeister and Stefan Working Paper 2019,-0.37,23247
HL,4,Holzmeister2019,Holzmeister and Stefan Working Paper 2019,0.486241960960906,23248
HL,4,Holzmeister2019,Holzmeister and Stefan Working Paper 2019,0.37555847379378976,23249
HL,3,Holzmeister2019,Holzmeister and Stefan Working Paper 2019,0.25445869454415515,23250
HL,3,Holzmeister2019,Holzmeister and Stefan Working Paper 2019,0.033316180449910464,23251
HL,5,Holzmeister2019,Holzmeister and Stefan Working Paper 2019,0.803942260146141,23252
HL,6,Holzmeister2019,Holzmeister and Stefan Working Paper 2019,1.0806952776620165,23253
HL,4,Holzmeister2019,Holzmeister and Stefan Working Paper 2019,0.5188191106915474,23254
HL,7,Holzmeister2019,Holzmeister and Stefan Working Paper 2019,1.2938309819484128,23255
HL,5,Holzmeister2019,Holzmeister and Stefan Working Paper 2019,0.720685753072612,23256
HL,2,Holzmeister2019,Holzmeister and Stefan Working Paper 2019,0.007570561971515455,23257
HL,3,Holzmeister2019,Holzmeister and Stefan Working Paper 2019,0.15208154438529164,23258
HL,3,Holzmeister2019,Holzmeister and Stefan Working Paper 2019,0.1005170831293799,23259
HL,4,Holzmeister2019,Holzmeister and Stefan Working Paper 2019,0.32655319563345986,23260
HL,3,Holzmeister2019,Holzmeister and Stefan Working Paper 2019,0.17848328816238793,23261
HL,6,Holzmeister2019,Holzmeister and Stefan Working Paper 2019,0.938059438066557,23262
HL,6,Holzmeister2019,Holzmeister and Stefan Working Paper 2019,1.1474236204056067,23263
HL,4,Holzmeister2019,Holzmeister and Stefan Working Paper 2019,0.469440712321084,23264
HL,5,Holzmeister2019,Holzmeister and Stefan Working Paper 2019,0.7398192312661558,23265
HL,3,Holzmeister2019,Holzmeister and Stefan Working Paper 2019,0.08493865018244834,23266
HL,3,Holzmeister2019,Holzmeister and Stefan Working Paper 2019,0.3062150660273619,23267
HL,3,Holzmeister2019,Holzmeister and Stefan Working Paper 2019,0.2105753047647886,23268
HL,4,Holzmeister2019,Holzmeister and Stefan Working Paper 2019,0.5028329629288055,23269
HL,4,Holzmeister2019,Holzmeister and Stefan Working Paper 2019,0.34600050886627287,23270
HL,3,Holzmeister2019,Holzmeister and Stefan Working Paper 2019,0.2321306700562127,23271
HL,4,Holzmeister2019,Holzmeister and Stefan Working Paper 2019,0.5256273653544485,23272
HL,3,Holzmeister2019,Holzmeister and Stefan Working Paper 2019,0.20073450386058542,23273
HL,4,Holzmeister2019,Holzmeister and Stefan Working Paper 2019,0.3329561220156029,23274
HL,6,Holzmeister2019,Holzmeister and Stefan Working Paper 2019,0.9249341358430683,23275
HL,3,Holzmeister2019,Holzmeister and Stefan Working Paper 2019,0.14552267294842752,23276
HL,6,Holzmeister2019,Holzmeister and Stefan Working Paper 2019,0.9793309820583089,23277
HL,7,Holzmeister2019,Holzmeister and Stefan Working Paper 2019,1.462569614299573,23278
HL,5,Holzmeister2019,Holzmeister and Stefan Working Paper 2019,0.7449953644210472,23279
HL,2,Holzmeister2019,Holzmeister and Stefan Working Paper 2019,-0.18594967413693664,23280
HL,4,Holzmeister2019,Holzmeister and Stefan Working Paper 2019,0.4146630337415263,23281
HL,4,Holzmeister2019,Holzmeister and Stefan Working Paper 2019,0.558625504616648,23282
HL,4,Holzmeister2019,Holzmeister and Stefan Working Paper 2019,0.5718406259315088,23283
HL,4,Holzmeister2019,Holzmeister and Stefan Working Paper 2019,0.42875178408110515,23284
HL,6,Holzmeister2019,Holzmeister and Stefan Working Paper 2019,0.9536970532964915,23285
HL,0,Holzmeister2019,Holzmeister and Stefan Working Paper 2019,-0.37,23286
HL,6,Holzmeister2019,Holzmeister and Stefan Working Paper 2019,1.1160384529735892,23287
HL,3,Holzmeister2019,Holzmeister and Stefan Working Paper 2019,0.11357543847989292,23288
HL,3,Holzmeister2019,Holzmeister and Stefan Working Paper 2019,0.07744062641169877,23289
HL,5,Holzmeister2019,Holzmeister and Stefan Working Paper 2019,0.7918659800337627,23290
HL,4,Holzmeister2019,Holzmeister and Stefan Working Paper 2019,0.3338765214942396,23291
HL,1,Holzmeister2019,Holzmeister and Stefan Working Paper 2019,-0.37,23292
HL,1,Holzmeister2019,Holzmeister and Stefan Working Paper 2019,-0.37,23293
HL,5,Holzmeister2019,Holzmeister and Stefan Working Paper 2019,0.7641060908976942,23294
HL,1,Holzmeister2019,Holzmeister and Stefan Working Paper 2019,-0.37,23295
HL,7,Holzmeister2019,Holzmeister and Stefan Working Paper 2019,1.2257034205133095,23296
HL,6,Holzmeister2019,Holzmeister and Stefan Working Paper 2019,1.1101046011317521,23297
HL,4,Holzmeister2019,Holzmeister and Stefan Working Paper 2019,0.40154963310807945,23298
EG,5,Holzmeister2019,Holzmeister and Stefan Working Paper 2019,0.784868995482102,23101
EG,1,Holzmeister2019,Holzmeister and Stefan Working Paper 2019,-1.97,23102
EG,6,Holzmeister2019,Holzmeister and Stefan Working Paper 2019,1,23103
EG,5,Holzmeister2019,Holzmeister and Stefan Working Paper 2019,0.9681360538024455,23104
EG,2,Holzmeister2019,Holzmeister and Stefan Working Paper 2019,-0.29615292746108035,23105
EG,3,Holzmeister2019,Holzmeister and Stefan Working Paper 2019,0.2458641131152399,23106
EG,1,Holzmeister2019,Holzmeister and Stefan Working Paper 2019,-1.97,23107
EG,3,Holzmeister2019,Holzmeister and Stefan Working Paper 2019,0.041174700271803887,23108
EG,5,Holzmeister2019,Holzmeister and Stefan Working Paper 2019,0.8244049353292212,23109
EG,6,Holzmeister2019,Holzmeister and Stefan Working Paper 2019,1,23110
EG,1,Holzmeister2019,Holzmeister and Stefan Working Paper 2019,-1.97,23111
EG,5,Holzmeister2019,Holzmeister and Stefan Working Paper 2019,0.8055935302190482,23112
EG,6,Holzmeister2019,Holzmeister and Stefan Working Paper 2019,1,23113
EG,1,Holzmeister2019,Holzmeister and Stefan Working Paper 2019,-1.97,23114
EG,2,Holzmeister2019,Holzmeister and Stefan Working Paper 2019,-1.3149547516950406,23115
EG,3,Holzmeister2019,Holzmeister and Stefan Working Paper 2019,0.1741072596050799,23116
EG,2,Holzmeister2019,Holzmeister and Stefan Working Paper 2019,-0.06983674647286531,23117
EG,3,Holzmeister2019,Holzmeister and Stefan Working Paper 2019,0.29426033856114375,23118
EG,5,Holzmeister2019,Holzmeister and Stefan Working Paper 2019,0.8036569188442081,23119
EG,5,Holzmeister2019,Holzmeister and Stefan Working Paper 2019,0.8041626701690257,23120
EG,3,Holzmeister2019,Holzmeister and Stefan Working Paper 2019,0.09504416773561389,23121
EG,4,Holzmeister2019,Holzmeister and Stefan Working Paper 2019,0.4491716097551398,23122
EG,3,Holzmeister2019,Holzmeister and Stefan Working Paper 2019,0.33437794672558085,23123
EG,2,Holzmeister2019,Holzmeister and Stefan Working Paper 2019,-0.8706864642887375,23124
EG,3,Holzmeister2019,Holzmeister and Stefan Working Paper 2019,0.04259615440154448,23125
EG,3,Holzmeister2019,Holzmeister and Stefan Working Paper 2019,0.11673407692462207,23126
EG,6,Holzmeister2019,Holzmeister and Stefan Working Paper 2019,1,23127
EG,3,Holzmeister2019,Holzmeister and Stefan Working Paper 2019,0.05292930142488331,23128
EG,2,Holzmeister2019,Holzmeister and Stefan Working Paper 2019,-1.9123915650392882,23129
EG,3,Holzmeister2019,Holzmeister and Stefan Working Paper 2019,0.17006959708873184,23130
EG,2,Holzmeister2019,Holzmeister and Stefan Working Paper 2019,-1.7121545669296756,23131
EG,4,Holzmeister2019,Holzmeister and Stefan Working Paper 2019,0.46684596127364786,23132
EG,4,Holzmeister2019,Holzmeister and Stefan Working Paper 2019,0.5179731341474689,23133
EG,1,Holzmeister2019,Holzmeister and Stefan Working Paper 2019,-1.97,23134
EG,2,Holzmeister2019,Holzmeister and Stefan Working Paper 2019,-0.9166375934891402,23135
EG,5,Holzmeister2019,Holzmeister and Stefan Working Paper 2019,0.9002450541127474,23136
EG,3,Holzmeister2019,Holzmeister and Stefan Working Paper 2019,0.2422546319081448,23137
EG,4,Holzmeister2019,Holzmeister and Stefan Working Paper 2019,0.5405983647331595,23138
EG,4,Holzmeister2019,Holzmeister and Stefan Working Paper 2019,0.4912367403344251,23139
EG,3,Holzmeister2019,Holzmeister and Stefan Working Paper 2019,0.3806959327915683,23140
EG,3,Holzmeister2019,Holzmeister and Stefan Working Paper 2019,0.08469067027559504,23141
EG,4,Holzmeister2019,Holzmeister and Stefan Working Paper 2019,0.4942412686464377,23142
EG,3,Holzmeister2019,Holzmeister and Stefan Working Paper 2019,0.027997573502361775,23143
EG,3,Holzmeister2019,Holzmeister and Stefan Working Paper 2019,0.13270759844686836,23144
EG,3,Holzmeister2019,Holzmeister and Stefan Working Paper 2019,0.11392330599948765,23145
EG,3,Holzmeister2019,Holzmeister and Stefan Working Paper 2019,0.34477569594746454,23146
EG,2,Holzmeister2019,Holzmeister and Stefan Working Paper 2019,-0.43308930128812784,23147
EG,2,Holzmeister2019,Holzmeister and Stefan Working Paper 2019,-1.7875263955187983,23148
EG,4,Holzmeister2019,Holzmeister and Stefan Working Paper 2019,0.47177872362546625,23149
EG,2,Holzmeister2019,Holzmeister and Stefan Working Paper 2019,-0.904520242670551,23150
EG,5,Holzmeister2019,Holzmeister and Stefan Working Paper 2019,0.7650872619217262,23151
EG,3,Holzmeister2019,Holzmeister and Stefan Working Paper 2019,0.2721735531790182,23152
EG,3,Holzmeister2019,Holzmeister and Stefan Working Paper 2019,0.20189439894631506,23153
EG,3,Holzmeister2019,Holzmeister and Stefan Working Paper 2019,0.13318193331593647,23154
EG,2,Holzmeister2019,Holzmeister and Stefan Working Paper 2019,-1.7221155214402823,23155
EG,2,Holzmeister2019,Holzmeister and Stefan Working Paper 2019,-1.3976070268894545,23156
EG,3,Holzmeister2019,Holzmeister and Stefan Working Paper 2019,0.2067799034016207,23157
EG,5,Holzmeister2019,Holzmeister and Stefan Working Paper 2019,0.8140441033057868,23158
EG,5,Holzmeister2019,Holzmeister and Stefan Working Paper 2019,0.9255612844228744,23159
EG,5,Holzmeister2019,Holzmeister and Stefan Working Paper 2019,0.8452248446270823,23160
EG,3,Holzmeister2019,Holzmeister and Stefan Working Paper 2019,0.27358702536905183,23161
EG,3,Holzmeister2019,Holzmeister and Stefan Working Paper 2019,0.3568040440441109,23162
EG,3,Holzmeister2019,Holzmeister and Stefan Working Paper 2019,0.07316764444112778,23163
EG,1,Holzmeister2019,Holzmeister and Stefan Working Paper 2019,-1.97,23164
EG,3,Holzmeister2019,Holzmeister and Stefan Working Paper 2019,0.15694515459006653,23165
EG,4,Holzmeister2019,Holzmeister and Stefan Working Paper 2019,0.5489517630334012,23166
EG,4,Holzmeister2019,Holzmeister and Stefan Working Paper 2019,0.392882736986503,23167
EG,3,Holzmeister2019,Holzmeister and Stefan Working Paper 2019,0.2025031076814048,23168
EG,3,Holzmeister2019,Holzmeister and Stefan Working Paper 2019,0.27818911752663555,23169
EG,1,Holzmeister2019,Holzmeister and Stefan Working Paper 2019,-1.97,23170
EG,6,Holzmeister2019,Holzmeister and Stefan Working Paper 2019,1,23171
EG,3,Holzmeister2019,Holzmeister and Stefan Working Paper 2019,0.07458146722521633,23172
EG,1,Holzmeister2019,Holzmeister and Stefan Working Paper 2019,-1.97,23173
EG,4,Holzmeister2019,Holzmeister and Stefan Working Paper 2019,0.434769431212917,23174
EG,2,Holzmeister2019,Holzmeister and Stefan Working Paper 2019,-0.10526883953483779,23175
EG,2,Holzmeister2019,Holzmeister and Stefan Working Paper 2019,-1.8943678106507287,23176
EG,3,Holzmeister2019,Holzmeister and Stefan Working Paper 2019,0.24341333844931798,23177
EG,3,Holzmeister2019,Holzmeister and Stefan Working Paper 2019,0.20510232337983325,23178
EG,3,Holzmeister2019,Holzmeister and Stefan Working Paper 2019,0.12688384346198292,23179
EG,4,Holzmeister2019,Holzmeister and Stefan Working Paper 2019,0.5659644117089919,23180
EG,3,Holzmeister2019,Holzmeister and Stefan Working Paper 2019,0.2669683764106594,23181
EG,1,Holzmeister2019,Holzmeister and Stefan Working Paper 2019,-1.97,23182
EG,2,Holzmeister2019,Holzmeister and Stefan Working Paper 2019,-1.5499241407820954,23183
EG,5,Holzmeister2019,Holzmeister and Stefan Working Paper 2019,0.5853422902803868,23184
EG,3,Holzmeister2019,Holzmeister and Stefan Working Paper 2019,0.3027035055868328,23185
EG,2,Holzmeister2019,Holzmeister and Stefan Working Paper 2019,-1.1103434258652851,23186
EG,2,Holzmeister2019,Holzmeister and Stefan Working Paper 2019,-0.9844274049345404,23187
EG,2,Holzmeister2019,Holzmeister and Stefan Working Paper 2019,-1.5411462846281938,23188
EG,2,Holzmeister2019,Holzmeister and Stefan Working Paper 2019,-0.7486608161381445,23189
EG,4,Holzmeister2019,Holzmeister and Stefan Working Paper 2019,0.5226804837374948,23190
EG,3,Holzmeister2019,Holzmeister and Stefan Working Paper 2019,0.1418996079498902,23191
EG,3,Holzmeister2019,Holzmeister and Stefan Working Paper 2019,0.24441929086111486,23192
EG,5,Holzmeister2019,Holzmeister and Stefan Working Paper 2019,0.9299968614336103,23193
EG,3,Holzmeister2019,Holzmeister and Stefan Working Paper 2019,0.027764048259705305,23194
EG,4,Holzmeister2019,Holzmeister and Stefan Working Paper 2019,0.5093884741375223,23195
EG,4,Holzmeister2019,Holzmeister and Stefan Working Paper 2019,0.4719060634355992,23196
EG,4,Holzmeister2019,Holzmeister and Stefan Working Paper 2019,0.48998642897931854,23197
EG,3,Holzmeister2019,Holzmeister and Stefan Working Paper 2019,0.0704543730779551,23198
EG,6,Holzmeister2019,Holzmeister and Stefan Working Paper 2019,1,23199
EG,6,Holzmeister2019,Holzmeister and Stefan Working Paper 2019,1,23200
EG,4,Holzmeister2019,Holzmeister and Stefan Working Paper 2019,0.41691834733821453,23201
EG,3,Holzmeister2019,Holzmeister and Stefan Working Paper 2019,0.09372546581318603,23202
EG,5,Holzmeister2019,Holzmeister and Stefan Working Paper 2019,0.876181173985824,23203
EG,1,Holzmeister2019,Holzmeister and Stefan Working Paper 2019,-1.97,23204
EG,2,Holzmeister2019,Holzmeister and Stefan Working Paper 2019,-1.7642618517344817,23205
EG,2,Holzmeister2019,Holzmeister and Stefan Working Paper 2019,-0.5736866931989788,23206
EG,5,Holzmeister2019,Holzmeister and Stefan Working Paper 2019,0.9101007456006482,23207
EG,3,Holzmeister2019,Holzmeister and Stefan Working Paper 2019,0.33551179041853174,23208
EG,4,Holzmeister2019,Holzmeister and Stefan Working Paper 2019,0.4012267929664813,23209
EG,6,Holzmeister2019,Holzmeister and Stefan Working Paper 2019,1,23210
EG,3,Holzmeister2019,Holzmeister and Stefan Working Paper 2019,0.09966683234553785,23211
EG,1,Holzmeister2019,Holzmeister and Stefan Working Paper 2019,-1.97,23212
EG,5,Holzmeister2019,Holzmeister and Stefan Working Paper 2019,0.7594331230316311,23213
EG,6,Holzmeister2019,Holzmeister and Stefan Working Paper 2019,1,23214
EG,1,Holzmeister2019,Holzmeister and Stefan Working Paper 2019,-1.97,23215
EG,6,Holzmeister2019,Holzmeister and Stefan Working Paper 2019,1,23216
EG,3,Holzmeister2019,Holzmeister and Stefan Working Paper 2019,0.25754380754660816,23217
EG,5,Holzmeister2019,Holzmeister and Stefan Working Paper 2019,0.8921496829623357,23218
EG,3,Holzmeister2019,Holzmeister and Stefan Working Paper 2019,0.23573274409398437,23219
EG,2,Holzmeister2019,Holzmeister and Stefan Working Paper 2019,-0.8169051226577722,23220
EG,5,Holzmeister2019,Holzmeister and Stefan Working Paper 2019,0.6241011248575523,23221
EG,3,Holzmeister2019,Holzmeister and Stefan Working Paper 2019,0.1718474796996452,23222
EG,3,Holzmeister2019,Holzmeister and Stefan Working Paper 2019,0.16851439100923019,23223
EG,3,Holzmeister2019,Holzmeister and Stefan Working Paper 2019,0.3067110410775058,23224
EG,1,Holzmeister2019,Holzmeister and Stefan Working Paper 2019,-1.97,23225
EG,5,Holzmeister2019,Holzmeister and Stefan Working Paper 2019,0.6890609137201682,23226
EG,6,Holzmeister2019,Holzmeister and Stefan Working Paper 2019,1,23227
EG,2,Holzmeister2019,Holzmeister and Stefan Working Paper 2019,-1.5617868757620452,23228
EG,3,Holzmeister2019,Holzmeister and Stefan Working Paper 2019,0.3527957098418847,23229
EG,6,Holzmeister2019,Holzmeister and Stefan Working Paper 2019,1,23230
EG,1,Holzmeister2019,Holzmeister and Stefan Working Paper 2019,-1.97,23231
EG,5,Holzmeister2019,Holzmeister and Stefan Working Paper 2019,0.8784488100744784,23232
EG,2,Holzmeister2019,Holzmeister and Stefan Working Paper 2019,-0.7062302780407481,23233
EG,5,Holzmeister2019,Holzmeister and Stefan Working Paper 2019,0.7383479627920314,23234
EG,1,Holzmeister2019,Holzmeister and Stefan Working Paper 2019,-1.97,23235
EG,3,Holzmeister2019,Holzmeister and Stefan Working Paper 2019,0.08754240095615387,23236
EG,3,Holzmeister2019,Holzmeister and Stefan Working Paper 2019,0.18617858784506097,23237
EG,3,Holzmeister2019,Holzmeister and Stefan Working Paper 2019,0.16404512332985177,23238
EG,1,Holzmeister2019,Holzmeister and Stefan Working Paper 2019,-1.97,23239
EG,1,Holzmeister2019,Holzmeister and Stefan Working Paper 2019,-1.97,23240
EG,5,Holzmeister2019,Holzmeister and Stefan Working Paper 2019,0.7834725629817694,23241
EG,6,Holzmeister2019,Holzmeister and Stefan Working Paper 2019,1,23242
EG,3,Holzmeister2019,Holzmeister and Stefan Working Paper 2019,0.09656639627180993,23243
EG,3,Holzmeister2019,Holzmeister and Stefan Working Paper 2019,0.09009440713562071,23244
EG,5,Holzmeister2019,Holzmeister and Stefan Working Paper 2019,0.9776545769907534,23245
EG,3,Holzmeister2019,Holzmeister and Stefan Working Paper 2019,0.3286347448336892,23246
EG,2,Holzmeister2019,Holzmeister and Stefan Working Paper 2019,-1.5559217929700389,23247
EG,3,Holzmeister2019,Holzmeister and Stefan Working Paper 2019,0.14372755123302342,23248
EG,6,Holzmeister2019,Holzmeister and Stefan Working Paper 2019,1,23249
EG,2,Holzmeister2019,Holzmeister and Stefan Working Paper 2019,-1.3921138430247084,23250
EG,3,Holzmeister2019,Holzmeister and Stefan Working Paper 2019,0.27498977896990257,23251
EG,6,Holzmeister2019,Holzmeister and Stefan Working Paper 2019,1,23252
EG,2,Holzmeister2019,Holzmeister and Stefan Working Paper 2019,-1.737669371929951,23253
EG,5,Holzmeister2019,Holzmeister and Stefan Working Paper 2019,0.9376891747303306,23254
EG,4,Holzmeister2019,Holzmeister and Stefan Working Paper 2019,0.4142442472907715,23255
EG,3,Holzmeister2019,Holzmeister and Stefan Working Paper 2019,0.30969345598714426,23256
EG,3,Holzmeister2019,Holzmeister and Stefan Working Paper 2019,0.33944060387788344,23257
EG,3,Holzmeister2019,Holzmeister and Stefan Working Paper 2019,0.14701788533711807,23258
EG,1,Holzmeister2019,Holzmeister and Stefan Working Paper 2019,-1.97,23259
EG,6,Holzmeister2019,Holzmeister and Stefan Working Paper 2019,1,23260
EG,2,Holzmeister2019,Holzmeister and Stefan Working Paper 2019,-0.2617942311288788,23261
EG,4,Holzmeister2019,Holzmeister and Stefan Working Paper 2019,0.44408506164792927,23262
EG,6,Holzmeister2019,Holzmeister and Stefan Working Paper 2019,1,23263
EG,3,Holzmeister2019,Holzmeister and Stefan Working Paper 2019,0.06989044767105952,23264
EG,2,Holzmeister2019,Holzmeister and Stefan Working Paper 2019,-0.4404463303345256,23265
EG,2,Holzmeister2019,Holzmeister and Stefan Working Paper 2019,-0.06133034967118878,23266
EG,3,Holzmeister2019,Holzmeister and Stefan Working Paper 2019,0.21255535731324926,23267
EG,5,Holzmeister2019,Holzmeister and Stefan Working Paper 2019,0.8940084017859772,23268
EG,3,Holzmeister2019,Holzmeister and Stefan Working Paper 2019,0.17775624189293013,23269
EG,3,Holzmeister2019,Holzmeister and Stefan Working Paper 2019,0.2294525252748281,23270
EG,3,Holzmeister2019,Holzmeister and Stefan Working Paper 2019,0.2523342048120685,23271
EG,4,Holzmeister2019,Holzmeister and Stefan Working Paper 2019,0.4706641320954077,23272
EG,3,Holzmeister2019,Holzmeister and Stefan Working Paper 2019,0.32725838548969477,23273
EG,3,Holzmeister2019,Holzmeister and Stefan Working Paper 2019,0.049603345021605495,23274
EG,4,Holzmeister2019,Holzmeister and Stefan Working Paper 2019,0.4768107542791404,23275
EG,3,Holzmeister2019,Holzmeister and Stefan Working Paper 2019,0.17309209549566731,23276
EG,6,Holzmeister2019,Holzmeister and Stefan Working Paper 2019,1,23277
EG,2,Holzmeister2019,Holzmeister and Stefan Working Paper 2019,-0.9225924731884152,23278
EG,3,Holzmeister2019,Holzmeister and Stefan Working Paper 2019,0.12477304450934754,23279
EG,2,Holzmeister2019,Holzmeister and Stefan Working Paper 2019,-1.671558858146891,23280
EG,3,Holzmeister2019,Holzmeister and Stefan Working Paper 2019,0.27699330186238513,23281
EG,3,Holzmeister2019,Holzmeister and Stefan Working Paper 2019,0.2791819463158026,23282
EG,3,Holzmeister2019,Holzmeister and Stefan Working Paper 2019,0.3082979864976369,23283
EG,4,Holzmeister2019,Holzmeister and Stefan Working Paper 2019,0.5395529784541577,23284
EG,2,Holzmeister2019,Holzmeister and Stefan Working Paper 2019,-1.4797064562467859,23285
EG,3,Holzmeister2019,Holzmeister and Stefan Working Paper 2019,0.3718285259837285,23286
EG,6,Holzmeister2019,Holzmeister and Stefan Working Paper 2019,1,23287
EG,1,Holzmeister2019,Holzmeister and Stefan Working Paper 2019,-1.97,23288
EG,3,Holzmeister2019,Holzmeister and Stefan Working Paper 2019,0.17460150060709567,23289
EG,4,Holzmeister2019,Holzmeister and Stefan Working Paper 2019,0.43327998832799497,23290
EG,4,Holzmeister2019,Holzmeister and Stefan Working Paper 2019,0.5341735280980355,23291
EG,2,Holzmeister2019,Holzmeister and Stefan Working Paper 2019,-1.0923735838383437,23292
EG,4,Holzmeister2019,Holzmeister and Stefan Working Paper 2019,0.561457033266779,23293
EG,1,Holzmeister2019,Holzmeister and Stefan Working Paper 2019,-1.97,23294
EG,2,Holzmeister2019,Holzmeister and Stefan Working Paper 2019,-1.346966797807254,23295
EG,4,Holzmeister2019,Holzmeister and Stefan Working Paper 2019,0.41012782290345057,23296
EG,3,Holzmeister2019,Holzmeister and Stefan Working Paper 2019,0.037801445906516164,23297
EG,4,Holzmeister2019,Holzmeister and Stefan Working Paper 2019,0.46232498093973845,23298
