bibkey,paper,task,subject,age,gender,choice,r
Charness2019,Charness et al 2019,HL,800360,59,0,10,2.71
Charness2019,Charness et al 2019,HL,800775,43,0,5,0.7426185716688632
Charness2019,Charness et al 2019,HL,800839,50,1,4,0.589311046032235
Charness2019,Charness et al 2019,HL,802145,68,0,0,-0.37
Charness2019,Charness et al 2019,HL,802981,54,1,5,0.8332811859808862
Charness2019,Charness et al 2019,HL,804556,38,0,2,0.009833758808672433
Charness2019,Charness et al 2019,HL,805007,58,0,0,-0.37
Charness2019,Charness et al 2019,HL,806082,60,1,0,-0.37
Charness2019,Charness et al 2019,HL,807409,20,0,6,1.1296100204344839
Charness2019,Charness et al 2019,HL,808120,49,1,0,-0.37
Charness2019,Charness et al 2019,HL,808731,43,0,4,0.3765142547315918
Charness2019,Charness et al 2019,HL,810400,29,1,3,0.15943766653072092
Charness2019,Charness et al 2019,HL,811044,61,1,6,1.0127651571296155
Charness2019,Charness et al 2019,HL,811199,61,0,7,1.2207497670827432
Charness2019,Charness et al 2019,HL,811749,25,0,4,0.4130588560993783
Charness2019,Charness et al 2019,HL,812011,18,1,2,-0.14734348159283397
Charness2019,Charness et al 2019,HL,812734,58,0,6,1.0546127048786729
Charness2019,Charness et al 2019,HL,814160,47,0,4,0.5661225631902925
Charness2019,Charness et al 2019,HL,814797,86,1,10,2.71
Charness2019,Charness et al 2019,HL,814999,49,0,6,0.8978534172521904
Charness2019,Charness et al 2019,HL,815283,58,0,6,1.0970116534037515
Charness2019,Charness et al 2019,HL,815646,61,1,6,1.0741031758254393
Charness2019,Charness et al 2019,HL,815780,51,0,5,0.6281452037254348
Charness2019,Charness et al 2019,HL,816256,59,1,4,0.5424417846254073
Charness2019,Charness et al 2019,HL,816302,61,0,4,0.34268906704848634
Charness2019,Charness et al 2019,HL,818896,29,1,0,-0.37
Charness2019,Charness et al 2019,HL,819049,25,1,4,0.35520180319203065
Charness2019,Charness et al 2019,HL,820556,62,1,0,-0.37
Charness2019,Charness et al 2019,HL,821157,47,1,6,1.1431018361123277
Charness2019,Charness et al 2019,HL,821212,49,1,1,-0.37
Charness2019,Charness et al 2019,HL,821493,45,0,3,0.22795157908927652
Charness2019,Charness et al 2019,HL,822796,33,1,0,-0.37
Charness2019,Charness et al 2019,HL,822808,46,1,6,0.8839512729085982
Charness2019,Charness et al 2019,HL,822882,65,0,0,-0.37
Charness2019,Charness et al 2019,HL,824386,51,1,0,-0.37
Charness2019,Charness et al 2019,HL,824670,70,1,10,2.71
Charness2019,Charness et al 2019,HL,825247,56,0,3,0.14333304317900913
Charness2019,Charness et al 2019,HL,825570,43,0,4,0.5485613675811327
Charness2019,Charness et al 2019,HL,825921,26,0,6,1.1327229554764926
Charness2019,Charness et al 2019,HL,826110,36,0,6,1.058198659075424
Charness2019,Charness et al 2019,HL,826748,82,0,5,0.7869177876180038
Charness2019,Charness et al 2019,HL,827038,38,0,4,0.5810427198279648
Charness2019,Charness et al 2019,HL,827084,40,0,3,0.20865814668824897
Charness2019,Charness et al 2019,HL,827178,27,1,0,-0.37
Charness2019,Charness et al 2019,HL,827368,64,0,1,-0.37
Charness2019,Charness et al 2019,HL,827877,78,0,5,0.8050261498615146
Charness2019,Charness et al 2019,HL,827969,77,0,0,-0.37
Charness2019,Charness et al 2019,HL,828668,69,1,1,-0.37
Charness2019,Charness et al 2019,HL,829434,56,1,10,2.71
Charness2019,Charness et al 2019,HL,829449,65,0,6,0.9968114421004429
Charness2019,Charness et al 2019,HL,831594,34,1,6,1.027764220885001
Charness2019,Charness et al 2019,HL,833364,48,0,6,0.937526979483664
Charness2019,Charness et al 2019,HL,833779,58,0,5,0.8199152935063466
Charness2019,Charness et al 2019,HL,833807,69,0,0,-0.37
Charness2019,Charness et al 2019,HL,833883,58,1,6,1.073332028160803
Charness2019,Charness et al 2019,HL,833917,61,0,1,-0.37
Charness2019,Charness et al 2019,HL,833972,46,1,0,-0.37
Charness2019,Charness et al 2019,HL,834106,59,0,5,0.815311272945255
Charness2019,Charness et al 2019,HL,834771,43,1,0,-0.37
Charness2019,Charness et al 2019,HL,835034,24,0,7,1.2764865005714818
Charness2019,Charness et al 2019,HL,836148,72,0,5,0.7214180487999693
Charness2019,Charness et al 2019,HL,836285,63,0,5,0.6848633087240159
Charness2019,Charness et al 2019,HL,836434,45,0,0,-0.37
Charness2019,Charness et al 2019,HL,836532,24,1,1,-0.37
Charness2019,Charness et al 2019,HL,837112,56,1,0,-0.37
Charness2019,Charness et al 2019,HL,837957,50,0,4,0.5297154572419822
Charness2019,Charness et al 2019,HL,839099,44,0,3,0.03976466907886788
Charness2019,Charness et al 2019,HL,839453,71,0,1,-0.37
Charness2019,Charness et al 2019,HL,839849,44,1,3,0.06592366615310312
Charness2019,Charness et al 2019,HL,839862,65,1,5,0.6117782152444124
Charness2019,Charness et al 2019,HL,840411,53,0,4,0.5675525109260343
Charness2019,Charness et al 2019,HL,842257,45,1,4,0.44173584681469946
Charness2019,Charness et al 2019,HL,842282,53,1,1,-0.37
Charness2019,Charness et al 2019,HL,844155,47,0,10,2.71
Charness2019,Charness et al 2019,HL,844580,48,1,10,2.71
Charness2019,Charness et al 2019,HL,844815,57,1,0,-0.37
Charness2019,Charness et al 2019,HL,845953,22,0,3,0.29986749013187364
Charness2019,Charness et al 2019,HL,846459,23,1,7,1.2784101710980758
Charness2019,Charness et al 2019,HL,848294,46,0,0,-0.37
Charness2019,Charness et al 2019,HL,850445,42,1,10,2.71
Charness2019,Charness et al 2019,HL,851028,61,1,0,-0.37
Charness2019,Charness et al 2019,HL,851239,20,1,2,-0.2859217190928757
Charness2019,Charness et al 2019,HL,851242,30,1,6,1.0836969830328598
Charness2019,Charness et al 2019,HL,854354,45,1,4,0.5244761881092563
Charness2019,Charness et al 2019,HL,854385,45,1,3,0.3180839413660579
Charness2019,Charness et al 2019,HL,854895,51,0,6,0.8801797947846353
Charness2019,Charness et al 2019,HL,856271,22,1,5,0.6176681577740237
Charness2019,Charness et al 2019,HL,857843,54,0,3,0.09456758377840743
Charness2019,Charness et al 2019,HL,858914,56,0,3,0.24419473997317256
Charness2019,Charness et al 2019,HL,859521,39,1,6,1.0263175887055693
Charness2019,Charness et al 2019,HL,860891,19,0,3,0.07405828757910057
Charness2019,Charness et al 2019,HL,861050,41,1,0,-0.37
Charness2019,Charness et al 2019,HL,861538,58,1,6,0.9923093951307237
Charness2019,Charness et al 2019,HL,861987,21,0,4,0.3835637366492301
Charness2019,Charness et al 2019,HL,862469,59,1,0,-0.37
Charness2019,Charness et al 2019,HL,862841,26,1,4,0.4388437273679301
Charness2019,Charness et al 2019,HL,863836,38,1,6,0.8573724484303966
Charness2019,Charness et al 2019,HL,864727,22,0,4,0.5250505153601989
Charness2019,Charness et al 2019,HL,865039,42,1,6,0.9736444331705569
Charness2019,Charness et al 2019,HL,865417,35,1,4,0.36698157446691765
Charness2019,Charness et al 2019,HL,865704,59,0,4,0.417100763679482
Charness2019,Charness et al 2019,HL,867211,65,0,6,1.0796867703553288
Charness2019,Charness et al 2019,HL,867330,60,1,3,0.2802301196358167
Charness2019,Charness et al 2019,HL,867492,30,0,6,1.1311020318884402
Charness2019,Charness et al 2019,HL,867745,67,1,10,2.71
Charness2019,Charness et al 2019,HL,868661,58,1,5,0.7736942567909136
Charness2019,Charness et al 2019,HL,869531,71,1,10,2.71
Charness2019,Charness et al 2019,HL,869869,29,1,5,0.6878912581223994
Charness2019,Charness et al 2019,HL,870013,46,1,4,0.5245446917484514
Charness2019,Charness et al 2019,HL,870254,48,0,10,2.71
Charness2019,Charness et al 2019,HL,870306,68,0,0,-0.37
Charness2019,Charness et al 2019,HL,871252,32,0,6,1.0448773350100964
Charness2019,Charness et al 2019,HL,871939,61,0,0,-0.37
Charness2019,Charness et al 2019,HL,872613,21,0,6,1.0982604118995367
Charness2019,Charness et al 2019,HL,872711,56,1,4,0.579873745078221
Charness2019,Charness et al 2019,HL,873141,44,1,5,0.5976992093166336
Charness2019,Charness et al 2019,HL,873889,61,0,5,0.8442320758244022
Charness2019,Charness et al 2019,HL,874316,57,0,6,0.8939422438153997
Charness2019,Charness et al 2019,HL,874374,55,1,4,0.36226079986896365
Charness2019,Charness et al 2019,HL,874792,66,1,6,0.995877510192804
Charness2019,Charness et al 2019,HL,875918,54,0,4,0.5741699066990986
Charness2019,Charness et al 2019,HL,876144,68,0,1,-0.37
Charness2019,Charness et al 2019,HL,876632,64,1,0,-0.37
Charness2019,Charness et al 2019,HL,876992,53,0,4,0.42629026611335574
Charness2019,Charness et al 2019,HL,877206,68,1,4,0.3823257312690839
Charness2019,Charness et al 2019,HL,877517,23,1,3,0.0854115514829755
Charness2019,Charness et al 2019,HL,877548,63,1,5,0.7534399346401914
Charness2019,Charness et al 2019,HL,878103,46,1,4,0.38516671616118403
Charness2019,Charness et al 2019,HL,878582,61,0,4,0.35880477839382363
Charness2019,Charness et al 2019,HL,879336,20,1,1,-0.37
Charness2019,Charness et al 2019,HL,879574,27,1,0,-0.37
Charness2019,Charness et al 2019,HL,880111,40,0,5,0.7319198447000235
Charness2019,Charness et al 2019,HL,881323,50,1,0,-0.37
Charness2019,Charness et al 2019,HL,881408,24,0,3,0.11580572919221596
Charness2019,Charness et al 2019,HL,881713,75,0,3,0.22477554451907056
Charness2019,Charness et al 2019,HL,882489,89,0,6,1.128443740773946
Charness2019,Charness et al 2019,HL,883432,42,1,5,0.7373380941804498
Charness2019,Charness et al 2019,HL,883590,64,1,6,0.9434096502372995
Charness2019,Charness et al 2019,HL,883651,63,0,5,0.809773821849376
Charness2019,Charness et al 2019,HL,883789,62,1,4,0.5192552095255815
Charness2019,Charness et al 2019,HL,884472,73,1,4,0.5650965110585093
Charness2019,Charness et al 2019,HL,885101,56,1,0,-0.37
Charness2019,Charness et al 2019,HL,885379,35,0,0,-0.37
Charness2019,Charness et al 2019,HL,885623,47,0,6,1.0140620340360327
Charness2019,Charness et al 2019,HL,886071,66,1,5,0.6445042291842401
Charness2019,Charness et al 2019,HL,889913,46,1,0,-0.37
Charness2019,Charness et al 2019,HL,890350,76,0,5,0.6286633991729468
Charness2019,Charness et al 2019,HL,891061,38,1,1,-0.37
Charness2019,Charness et al 2019,HL,892108,49,1,4,0.5208658129023388
Charness2019,Charness et al 2019,HL,893411,49,1,7,1.2532463408960028
Charness2019,Charness et al 2019,HL,893753,25,0,6,0.9641714637400582
Charness2019,Charness et al 2019,HL,893969,40,1,3,0.16129437585826964
Charness2019,Charness et al 2019,HL,894390,59,1,1,-0.37
Charness2019,Charness et al 2019,HL,895443,56,0,4,0.32983435994246973
Charness2019,Charness et al 2019,HL,897079,64,0,0,-0.37
Charness2019,Charness et al 2019,HL,899237,40,1,1,-0.37
Charness2019,Charness et al 2019,HL,899490,61,1,0,-0.37
Charness2019,Charness et al 2019,IG,800033,20,0,4,0.6763434023860203
Charness2019,Charness et al 2019,IG,800445,36,1,0,-1
Charness2019,Charness et al 2019,IG,800942,89,0,0.04,-31.477324663531707
Charness2019,Charness et al 2019,IG,800997,18,1,7,0.8610360315355003
Charness2019,Charness et al 2019,IG,801635,42,1,4,0.6763434023860203
Charness2019,Charness et al 2019,IG,801876,43,1,0,-1
Charness2019,Charness et al 2019,IG,802032,66,0,4,0.6763434023860203
Charness2019,Charness et al 2019,IG,802819,34,1,1,-0.3277320382410342
Charness2019,Charness et al 2019,IG,802911,65,0,6,0.8105362315819323
Charness2019,Charness et al 2019,IG,803143,74,1,0.2,-5.5258872798397665
Charness2019,Charness et al 2019,IG,803805,69,0,5,0.753100625878466
Charness2019,Charness et al 2019,IG,803872,18,1,4,0.6763434023860203
Charness2019,Charness et al 2019,IG,804489,57,0,4,0.6763434023860203
Charness2019,Charness et al 2019,IG,805169,39,0,4,0.6763434023860203
Charness2019,Charness et al 2019,IG,806732,77,1,0.2,-5.5258872798397665
Charness2019,Charness et al 2019,IG,808587,82,0,8,1
Charness2019,Charness et al 2019,IG,808883,68,0,4.5,0.7181295758127334
Charness2019,Charness et al 2019,IG,809542,51,1,4,0.6763434023860203
Charness2019,Charness et al 2019,IG,810192,40,1,0.1,-12.01437382285419
Charness2019,Charness et al 2019,IG,810604,66,1,8,1
Charness2019,Charness et al 2019,IG,810626,43,1,4,0.6763434023860203
Charness2019,Charness et al 2019,IG,811026,68,1,0,-1
Charness2019,Charness et al 2019,IG,811309,76,1,2,0.33106574861327526
Charness2019,Charness et al 2019,IG,811386,70,1,4,0.6763434023860203
Charness2019,Charness et al 2019,IG,811456,42,0,4,0.6763434023860203
Charness2019,Charness et al 2019,IG,811688,60,0,6,0.8105362315819323
Charness2019,Charness et al 2019,IG,812380,38,0,0,-1
Charness2019,Charness et al 2019,IG,812884,78,1,8,1
Charness2019,Charness et al 2019,IG,813183,62,1,5,0.753100625878466
Charness2019,Charness et al 2019,IG,813403,63,1,4,0.6763434023860203
Charness2019,Charness et al 2019,IG,814239,33,1,8,1
Charness2019,Charness et al 2019,IG,814849,29,1,8,1
Charness2019,Charness et al 2019,IG,815249,18,0,8,1
Charness2019,Charness et al 2019,IG,815844,59,1,1,-0.3277320382410342
Charness2019,Charness et al 2019,IG,815927,18,0,4,0.6763434023860203
Charness2019,Charness et al 2019,IG,816525,59,1,4,0.6763434023860203
Charness2019,Charness et al 2019,IG,816854,39,1,4,0.6763434023860203
Charness2019,Charness et al 2019,IG,820755,41,0,8,1
Charness2019,Charness et al 2019,IG,821069,29,0,2,0.33106574861327526
Charness2019,Charness et al 2019,IG,821432,54,0,8,1
Charness2019,Charness et al 2019,IG,822470,77,1,2,0.33106574861327526
Charness2019,Charness et al 2019,IG,822497,51,0,1,-0.3277320382410342
Charness2019,Charness et al 2019,IG,822583,73,0,4,0.6763434023860203
Charness2019,Charness et al 2019,IG,822927,30,0,0,-1
Charness2019,Charness et al 2019,IG,822949,69,1,4,0.6763434023860203
Charness2019,Charness et al 2019,IG,823327,50,1,4,0.6763434023860203
Charness2019,Charness et al 2019,IG,823529,69,1,4,0.6763434023860203
Charness2019,Charness et al 2019,IG,823535,55,0,0,-1
Charness2019,Charness et al 2019,IG,823849,36,1,5,0.753100625878466
Charness2019,Charness et al 2019,IG,823910,62,0,8,1
Charness2019,Charness et al 2019,IG,824499,50,0,8,1
Charness2019,Charness et al 2019,IG,825292,19,1,0,-1
Charness2019,Charness et al 2019,IG,826177,75,1,0.1,-12.01437382285419
Charness2019,Charness et al 2019,IG,826217,52,1,4,0.6763434023860203
Charness2019,Charness et al 2019,IG,826550,57,0,4,0.6763434023860203
Charness2019,Charness et al 2019,IG,826956,56,1,0.02,-63.91473545166802
Charness2019,Charness et al 2019,IG,826986,64,1,0,-1
Charness2019,Charness et al 2019,IG,827075,26,0,2,0.33106574861327526
Charness2019,Charness et al 2019,IG,827557,71,0,4,0.6763434023860203
Charness2019,Charness et al 2019,IG,827587,62,0,0,-1
Charness2019,Charness et al 2019,IG,828536,69,1,6,0.8105362315819323
Charness2019,Charness et al 2019,IG,828701,49,1,4,0.6763434023860203
Charness2019,Charness et al 2019,IG,829061,63,1,4,0.6763434023860203
Charness2019,Charness et al 2019,IG,829797,65,0,4,0.6763434023860203
Charness2019,Charness et al 2019,IG,830136,64,0,2,0.33106574861327526
Charness2019,Charness et al 2019,IG,830825,67,0,8,1
Charness2019,Charness et al 2019,IG,831884,64,1,6,0.8105362315819323
Charness2019,Charness et al 2019,IG,831967,29,0,4,0.6763434023860203
Charness2019,Charness et al 2019,IG,833508,43,1,4,0.6763434023860203
Charness2019,Charness et al 2019,IG,833724,60,1,4,0.6763434023860203
Charness2019,Charness et al 2019,IG,833993,57,0,2,0.33106574861327526
Charness2019,Charness et al 2019,IG,834576,52,0,8,1
Charness2019,Charness et al 2019,IG,834594,48,1,4,0.6763434023860203
Charness2019,Charness et al 2019,IG,834765,67,1,3,0.5574930686348061
Charness2019,Charness et al 2019,IG,836993,68,0,4,0.6763434023860203
Charness2019,Charness et al 2019,IG,837011,64,1,0.3,-3.3623664191313214
Charness2019,Charness et al 2019,IG,838159,61,0,2,0.33106574861327526
Charness2019,Charness et al 2019,IG,838296,68,0,6,0.8105362315819323
Charness2019,Charness et al 2019,IG,838732,38,1,4,0.6763434023860203
Charness2019,Charness et al 2019,IG,839001,19,0,6,0.8105362315819323
Charness2019,Charness et al 2019,IG,839682,64,0,8,1
Charness2019,Charness et al 2019,IG,839978,45,0,4,0.6763434023860203
Charness2019,Charness et al 2019,IG,840130,49,1,8,1
Charness2019,Charness et al 2019,IG,840393,46,0,2,0.33106574861327526
Charness2019,Charness et al 2019,IG,840579,34,0,4,0.6763434023860203
Charness2019,Charness et al 2019,IG,842370,61,0,7,0.8610360315355003
Charness2019,Charness et al 2019,IG,843890,22,0,4,0.6763434023860203
Charness2019,Charness et al 2019,IG,843939,22,0,6,0.8105362315819323
Charness2019,Charness et al 2019,IG,844894,52,1,0.4,-2.2800908022688255
Charness2019,Charness et al 2019,IG,845175,70,1,4,0.6763434023860203
Charness2019,Charness et al 2019,IG,845623,82,1,1,-0.3277320382410342
Charness2019,Charness et al 2019,IG,845980,61,1,0,-1
Charness2019,Charness et al 2019,IG,846273,62,0,0,-1
Charness2019,Charness et al 2019,IG,846609,22,0,8,1
Charness2019,Charness et al 2019,IG,847402,61,1,6,0.8105362315819323
Charness2019,Charness et al 2019,IG,847909,41,1,0,-1
Charness2019,Charness et al 2019,IG,848223,51,1,0,-1
Charness2019,Charness et al 2019,IG,848919,58,0,6,0.8105362315819323
Charness2019,Charness et al 2019,IG,848971,76,0,5,0.753100625878466
Charness2019,Charness et al 2019,IG,849154,58,1,8,1
Charness2019,Charness et al 2019,IG,849618,25,1,0,-1
Charness2019,Charness et al 2019,IG,849652,52,1,0,-1
Charness2019,Charness et al 2019,IG,849792,65,0,4,0.6763434023860203
Charness2019,Charness et al 2019,IG,849942,62,1,0,-1
Charness2019,Charness et al 2019,IG,850048,23,0,4,0.6763434023860203
Charness2019,Charness et al 2019,IG,850418,22,1,0.01,-128.78924094307436
Charness2019,Charness et al 2019,IG,850628,44,0,6,0.8105362315819323
Charness2019,Charness et al 2019,IG,850732,62,0,5,0.753100625878466
Charness2019,Charness et al 2019,IG,851336,65,1,4,0.6763434023860203
Charness2019,Charness et al 2019,IG,851351,23,1,5,0.753100625878466
Charness2019,Charness et al 2019,IG,852279,45,1,2,0.33106574861327526
Charness2019,Charness et al 2019,IG,852883,49,1,4,0.6763434023860203
Charness2019,Charness et al 2019,IG,853219,54,1,0.5,-1.6303160028510073
Charness2019,Charness et al 2019,IG,853567,19,1,1,-0.3277320382410342
Charness2019,Charness et al 2019,IG,853930,61,0,8,1
Charness2019,Charness et al 2019,IG,854183,46,1,0,-1
Charness2019,Charness et al 2019,IG,854504,53,0,4,0.6763434023860203
Charness2019,Charness et al 2019,IG,855316,28,1,0,-1
Charness2019,Charness et al 2019,IG,855392,60,1,8,1
Charness2019,Charness et al 2019,IG,856149,20,1,0,-1
Charness2019,Charness et al 2019,IG,857260,54,1,8,1
Charness2019,Charness et al 2019,IG,857821,52,1,2,0.33106574861327526
Charness2019,Charness et al 2019,IG,857931,44,0,5,0.753100625878466
Charness2019,Charness et al 2019,IG,858114,36,1,0,-1
Charness2019,Charness et al 2019,IG,858547,60,0,4,0.6763434023860203
Charness2019,Charness et al 2019,IG,858645,42,1,4,0.6763434023860203
Charness2019,Charness et al 2019,IG,858859,60,0,4,0.6763434023860203
Charness2019,Charness et al 2019,IG,860089,56,1,4,0.6763434023860203
Charness2019,Charness et al 2019,IG,861434,65,0,5,0.753100625878466
Charness2019,Charness et al 2019,IG,861523,26,1,4,0.6763434023860203
Charness2019,Charness et al 2019,IG,861773,29,1,2,0.33106574861327526
Charness2019,Charness et al 2019,IG,862927,30,0,0,-1
Charness2019,Charness et al 2019,IG,863171,45,1,0,-1
Charness2019,Charness et al 2019,IG,864639,19,1,3,0.5574930686348061
Charness2019,Charness et al 2019,IG,865365,68,0,5,0.753100625878466
Charness2019,Charness et al 2019,IG,865747,64,1,4,0.6763434023860203
Charness2019,Charness et al 2019,IG,865774,51,1,8,1
Charness2019,Charness et al 2019,IG,866610,31,1,1,-0.3277320382410342
Charness2019,Charness et al 2019,IG,866912,66,0,5,0.753100625878466
Charness2019,Charness et al 2019,IG,867041,73,1,4,0.6763434023860203
Charness2019,Charness et al 2019,IG,867193,48,1,2.5,0.4658645104958218
Charness2019,Charness et al 2019,IG,867202,63,1,4,0.6763434023860203
Charness2019,Charness et al 2019,IG,867300,34,1,8,1
Charness2019,Charness et al 2019,IG,869427,36,1,6,0.8105362315819323
Charness2019,Charness et al 2019,IG,869644,63,0,3,0.5574930686348061
Charness2019,Charness et al 2019,IG,869937,65,0,8,1
Charness2019,Charness et al 2019,IG,870056,68,1,0.8,-0.6541324008159168
Charness2019,Charness et al 2019,IG,870062,56,1,4,0.6763434023860203
Charness2019,Charness et al 2019,IG,873257,40,1,4,0.6763434023860203
Charness2019,Charness et al 2019,IG,873324,69,1,8,1
Charness2019,Charness et al 2019,IG,873486,59,1,4,0.6763434023860203
Charness2019,Charness et al 2019,IG,874060,39,0,2,0.33106574861327526
Charness2019,Charness et al 2019,IG,874066,18,1,4,0.6763434023860203
Charness2019,Charness et al 2019,IG,874475,84,0,5,0.753100625878466
Charness2019,Charness et al 2019,IG,875204,30,1,1,-0.3277320382410342
Charness2019,Charness et al 2019,IG,875418,78,1,4,0.6763434023860203
Charness2019,Charness et al 2019,IG,876080,35,0,6,0.8105362315819323
Charness2019,Charness et al 2019,IG,876113,39,1,2.5,0.4658645104958218
Charness2019,Charness et al 2019,IG,876318,50,1,8,1
Charness2019,Charness et al 2019,IG,877416,61,0,0.05,-24.989779365862265
Charness2019,Charness et al 2019,IG,877468,54,0,3,0.5574930686348061
Charness2019,Charness et al 2019,IG,877526,50,1,4,0.6763434023860203
Charness2019,Charness et al 2019,IG,877770,67,0,8,1
Charness2019,Charness et al 2019,IG,878955,40,1,1,-0.3277320382410342
Charness2019,Charness et al 2019,IG,879592,62,1,4,0.6763434023860203
Charness2019,Charness et al 2019,IG,879669,58,1,8,1
Charness2019,Charness et al 2019,IG,880612,58,1,5,0.753100625878466
Charness2019,Charness et al 2019,IG,880969,44,0,3,0.5574930686348061
Charness2019,Charness et al 2019,IG,882037,45,1,2,0.33106574861327526
Charness2019,Charness et al 2019,IG,882876,59,0,0.5,-1.6303160028510073
Charness2019,Charness et al 2019,IG,882907,33,1,0,-1
Charness2019,Charness et al 2019,IG,883013,62,0,0.01,-128.78924094307436
Charness2019,Charness et al 2019,IG,883032,59,1,4,0.6763434023860203
Charness2019,Charness et al 2019,IG,883187,63,0,4,0.6763434023860203
Charness2019,Charness et al 2019,IG,883221,35,0,4,0.6763434023860203
Charness2019,Charness et al 2019,IG,883566,50,0,4,0.6763434023860203
Charness2019,Charness et al 2019,IG,884970,66,1,2,0.33106574861327526
Charness2019,Charness et al 2019,IG,885467,43,0,2.65,0.4967697289342335
Charness2019,Charness et al 2019,IG,885644,81,0,8,1
Charness2019,Charness et al 2019,IG,885879,78,1,6,0.8105362315819323
Charness2019,Charness et al 2019,IG,886364,55,1,4,0.6763434023860203
Charness2019,Charness et al 2019,IG,886779,33,1,2,0.33106574861327526
Charness2019,Charness et al 2019,IG,887448,32,0,2,0.33106574861327526
Charness2019,Charness et al 2019,IG,888043,57,1,0,-1
Charness2019,Charness et al 2019,IG,888348,66,0,8,1
Charness2019,Charness et al 2019,IG,888400,49,1,4,0.6763434023860203
Charness2019,Charness et al 2019,IG,889651,50,1,4,0.6763434023860203
Charness2019,Charness et al 2019,IG,890344,64,1,4,0.6763434023860203
Charness2019,Charness et al 2019,IG,891094,40,1,6,0.8105362315819323
Charness2019,Charness et al 2019,IG,891152,50,0,5,0.753100625878466
Charness2019,Charness et al 2019,IG,891235,67,1,4,0.6763434023860203
Charness2019,Charness et al 2019,IG,891314,27,0,5.5,0.783382557727778
Charness2019,Charness et al 2019,IG,891729,43,1,4,0.6763434023860203
Charness2019,Charness et al 2019,IG,891839,57,0,0.5,-1.6303160028510073
Charness2019,Charness et al 2019,IG,891928,41,1,2,0.33106574861327526
Charness2019,Charness et al 2019,IG,892471,60,1,5,0.753100625878466
Charness2019,Charness et al 2019,IG,892572,48,0,5,0.753100625878466
Charness2019,Charness et al 2019,IG,893148,71,1,4,0.6763434023860203
Charness2019,Charness et al 2019,IG,893585,59,1,4,0.6763434023860203
Charness2019,Charness et al 2019,IG,893853,65,0,4,0.6763434023860203
Charness2019,Charness et al 2019,IG,893939,52,0,2,0.33106574861327526
Charness2019,Charness et al 2019,IG,894839,19,1,4,0.6763434023860203
Charness2019,Charness et al 2019,IG,895748,58,0,8,1
Charness2019,Charness et al 2019,IG,895776,71,0,8,1
Charness2019,Charness et al 2019,IG,895828,37,0,1,-0.3277320382410342
Charness2019,Charness et al 2019,IG,896337,42,1,3,0.5574930686348061
Charness2019,Charness et al 2019,IG,896646,44,1,0.5,-1.6303160028510073
Charness2019,Charness et al 2019,IG,896777,54,1,8,1
Charness2019,Charness et al 2019,IG,897006,44,1,4,0.6763434023860203
Charness2019,Charness et al 2019,IG,897357,65,0,0.5,-1.6303160028510073
Charness2019,Charness et al 2019,IG,897906,55,1,5,0.753100625878466
Charness2019,Charness et al 2019,IG,898114,64,0,4,0.6763434023860203
Charness2019,Charness et al 2019,IG,899517,54,1,0.4,-2.2800908022688255
Charness2019,Charness et al 2019,soep,800244,56,0,7,NA
Charness2019,Charness et al 2019,soep,800289,58,1,4,NA
Charness2019,Charness et al 2019,soep,800375,68,1,2,NA
Charness2019,Charness et al 2019,soep,800576,73,0,1,NA
Charness2019,Charness et al 2019,soep,800903,40,0,7,NA
Charness2019,Charness et al 2019,soep,801306,22,0,2,NA
Charness2019,Charness et al 2019,soep,801574,29,1,2,NA
Charness2019,Charness et al 2019,soep,801657,63,0,5,NA
Charness2019,Charness et al 2019,soep,801968,25,0,2,NA
Charness2019,Charness et al 2019,soep,802377,21,1,6,NA
Charness2019,Charness et al 2019,soep,802471,77,1,3,NA
Charness2019,Charness et al 2019,soep,802542,65,1,3,NA
Charness2019,Charness et al 2019,soep,802902,32,1,3,NA
Charness2019,Charness et al 2019,soep,803237,71,1,5,NA
Charness2019,Charness et al 2019,soep,803616,45,0,0,NA
Charness2019,Charness et al 2019,soep,803854,45,1,0,NA
Charness2019,Charness et al 2019,soep,804220,33,1,5,NA
Charness2019,Charness et al 2019,soep,804495,39,0,1,NA
Charness2019,Charness et al 2019,soep,804626,71,0,5,NA
Charness2019,Charness et al 2019,soep,804763,37,1,7,NA
Charness2019,Charness et al 2019,soep,805258,69,1,2,NA
Charness2019,Charness et al 2019,soep,805471,19,1,6,NA
Charness2019,Charness et al 2019,soep,805621,24,1,5,NA
Charness2019,Charness et al 2019,soep,805642,22,0,7,NA
Charness2019,Charness et al 2019,soep,806884,71,1,2,NA
Charness2019,Charness et al 2019,soep,807040,55,0,5,NA
Charness2019,Charness et al 2019,soep,807171,33,0,3,NA
Charness2019,Charness et al 2019,soep,808197,20,0,7,NA
Charness2019,Charness et al 2019,soep,808471,57,1,5,NA
Charness2019,Charness et al 2019,soep,810095,55,0,5,NA
Charness2019,Charness et al 2019,soep,810214,42,1,0,NA
Charness2019,Charness et al 2019,soep,810485,69,1,5,NA
Charness2019,Charness et al 2019,soep,812042,64,0,5,NA
Charness2019,Charness et al 2019,soep,812179,44,1,6,NA
Charness2019,Charness et al 2019,soep,812878,65,1,5,NA
Charness2019,Charness et al 2019,soep,813201,67,0,1,NA
Charness2019,Charness et al 2019,soep,814096,79,1,0,NA
Charness2019,Charness et al 2019,soep,814135,30,0,5,NA
Charness2019,Charness et al 2019,soep,814724,63,0,2,NA
Charness2019,Charness et al 2019,soep,814892,27,1,2,NA
Charness2019,Charness et al 2019,soep,815222,48,1,2,NA
Charness2019,Charness et al 2019,soep,816012,68,0,3,NA
Charness2019,Charness et al 2019,soep,816680,45,1,3,NA
Charness2019,Charness et al 2019,soep,817160,56,0,2,NA
Charness2019,Charness et al 2019,soep,817346,66,1,3,NA
Charness2019,Charness et al 2019,soep,817529,52,1,3,NA
Charness2019,Charness et al 2019,soep,818179,58,0,4,NA
Charness2019,Charness et al 2019,soep,818270,63,0,3,NA
Charness2019,Charness et al 2019,soep,818649,28,1,5,NA
Charness2019,Charness et al 2019,soep,818899,21,0,8,NA
Charness2019,Charness et al 2019,soep,819012,62,0,5,NA
Charness2019,Charness et al 2019,soep,819131,63,1,1,NA
Charness2019,Charness et al 2019,soep,819476,28,1,6,NA
Charness2019,Charness et al 2019,soep,819515,60,1,5,NA
Charness2019,Charness et al 2019,soep,820172,53,0,2,NA
Charness2019,Charness et al 2019,soep,820471,31,1,3,NA
Charness2019,Charness et al 2019,soep,820767,61,0,2,NA
Charness2019,Charness et al 2019,soep,821484,23,1,6,NA
Charness2019,Charness et al 2019,soep,821624,64,0,5,NA
Charness2019,Charness et al 2019,soep,821792,52,0,6,NA
Charness2019,Charness et al 2019,soep,822628,36,1,5,NA
Charness2019,Charness et al 2019,soep,822634,57,1,8,NA
Charness2019,Charness et al 2019,soep,822637,74,1,2,NA
Charness2019,Charness et al 2019,soep,823287,57,1,3,NA
Charness2019,Charness et al 2019,soep,824057,53,0,7,NA
Charness2019,Charness et al 2019,soep,824365,61,0,2,NA
Charness2019,Charness et al 2019,soep,824798,38,0,0,NA
Charness2019,Charness et al 2019,soep,825241,44,1,5,NA
Charness2019,Charness et al 2019,soep,825262,62,1,5,NA
Charness2019,Charness et al 2019,soep,825787,52,0,3,NA
Charness2019,Charness et al 2019,soep,826153,47,1,6,NA
Charness2019,Charness et al 2019,soep,826293,52,1,6,NA
Charness2019,Charness et al 2019,soep,826672,48,1,7,NA
Charness2019,Charness et al 2019,soep,826751,18,1,4,NA
Charness2019,Charness et al 2019,soep,827105,72,1,2,NA
Charness2019,Charness et al 2019,soep,827209,63,0,6,NA
Charness2019,Charness et al 2019,soep,827447,71,1,0,NA
Charness2019,Charness et al 2019,soep,827471,45,0,7,NA
Charness2019,Charness et al 2019,soep,828018,42,1,0,NA
Charness2019,Charness et al 2019,soep,828164,60,1,4,NA
Charness2019,Charness et al 2019,soep,828381,55,0,6,NA
Charness2019,Charness et al 2019,soep,828387,72,0,1,NA
Charness2019,Charness et al 2019,soep,828729,42,1,1,NA
Charness2019,Charness et al 2019,soep,830252,72,0,2,NA
Charness2019,Charness et al 2019,soep,830838,52,1,6,NA
Charness2019,Charness et al 2019,soep,830877,69,0,3,NA
Charness2019,Charness et al 2019,soep,831301,56,1,5,NA
Charness2019,Charness et al 2019,soep,831665,50,0,1,NA
Charness2019,Charness et al 2019,soep,831680,65,0,2,NA
Charness2019,Charness et al 2019,soep,832119,25,1,6,NA
Charness2019,Charness et al 2019,soep,832287,36,1,0,NA
Charness2019,Charness et al 2019,soep,832312,67,0,1,NA
Charness2019,Charness et al 2019,soep,832455,51,1,2,NA
Charness2019,Charness et al 2019,soep,832516,65,0,1,NA
Charness2019,Charness et al 2019,soep,833306,30,1,3,NA
Charness2019,Charness et al 2019,soep,833691,53,0,3,NA
Charness2019,Charness et al 2019,soep,834051,38,0,5,NA
Charness2019,Charness et al 2019,soep,834240,71,0,3,NA
Charness2019,Charness et al 2019,soep,834341,47,1,4,NA
Charness2019,Charness et al 2019,soep,834475,19,0,7,NA
Charness2019,Charness et al 2019,soep,834786,71,0,6,NA
Charness2019,Charness et al 2019,soep,835504,73,0,1,NA
Charness2019,Charness et al 2019,soep,835623,60,1,2,NA
Charness2019,Charness et al 2019,soep,835772,72,1,5,NA
Charness2019,Charness et al 2019,soep,835925,63,1,1,NA
Charness2019,Charness et al 2019,soep,836611,63,0,6,NA
Charness2019,Charness et al 2019,soep,836819,39,0,5,NA
Charness2019,Charness et al 2019,soep,837252,42,1,2,NA
Charness2019,Charness et al 2019,soep,837261,49,0,8,NA
Charness2019,Charness et al 2019,soep,838342,27,1,8,NA
Charness2019,Charness et al 2019,soep,838400,46,1,0,NA
Charness2019,Charness et al 2019,soep,839242,92,1,4,NA
Charness2019,Charness et al 2019,soep,839266,67,0,6,NA
Charness2019,Charness et al 2019,soep,839520,42,1,5,NA
Charness2019,Charness et al 2019,soep,840075,56,0,3,NA
Charness2019,Charness et al 2019,soep,840344,67,0,5,NA
Charness2019,Charness et al 2019,soep,840463,65,1,1,NA
Charness2019,Charness et al 2019,soep,840756,53,1,3,NA
Charness2019,Charness et al 2019,soep,840930,20,1,5,NA
Charness2019,Charness et al 2019,soep,840994,46,1,2,NA
Charness2019,Charness et al 2019,soep,841183,52,1,5,NA
Charness2019,Charness et al 2019,soep,842541,20,0,6,NA
Charness2019,Charness et al 2019,soep,843020,33,1,3,NA
Charness2019,Charness et al 2019,soep,843051,60,1,2,NA
Charness2019,Charness et al 2019,soep,843350,58,1,5,NA
Charness2019,Charness et al 2019,soep,844036,51,1,5,NA
Charness2019,Charness et al 2019,soep,845950,40,1,5,NA
Charness2019,Charness et al 2019,soep,846011,27,0,5,NA
Charness2019,Charness et al 2019,soep,846466,27,1,6,NA
Charness2019,Charness et al 2019,soep,846582,51,1,3,NA
Charness2019,Charness et al 2019,soep,846701,51,0,6,NA
Charness2019,Charness et al 2019,soep,847009,18,1,10,NA
Charness2019,Charness et al 2019,soep,847174,80,0,5,NA
Charness2019,Charness et al 2019,soep,847610,57,1,4,NA
Charness2019,Charness et al 2019,soep,848065,57,1,7,NA
Charness2019,Charness et al 2019,soep,848324,36,1,6,NA
Charness2019,Charness et al 2019,soep,850109,63,0,2,NA
Charness2019,Charness et al 2019,soep,850341,75,0,3,NA
Charness2019,Charness et al 2019,soep,850631,46,0,5,NA
Charness2019,Charness et al 2019,soep,850741,67,1,4,NA
Charness2019,Charness et al 2019,soep,850860,62,0,2,NA
Charness2019,Charness et al 2019,soep,851107,82,0,2,NA
Charness2019,Charness et al 2019,soep,851834,29,0,3,NA
Charness2019,Charness et al 2019,soep,855160,63,1,6,NA
Charness2019,Charness et al 2019,soep,855484,40,1,4,NA
Charness2019,Charness et al 2019,soep,855682,60,1,7,NA
Charness2019,Charness et al 2019,soep,855917,40,0,4,NA
Charness2019,Charness et al 2019,soep,856698,74,1,0,NA
Charness2019,Charness et al 2019,soep,856832,44,0,7,NA
Charness2019,Charness et al 2019,soep,857482,32,0,4,NA
Charness2019,Charness et al 2019,soep,857501,38,1,2,NA
Charness2019,Charness et al 2019,soep,857583,52,0,4,NA
Charness2019,Charness et al 2019,soep,857684,34,0,4,NA
Charness2019,Charness et al 2019,soep,858749,43,1,1,NA
Charness2019,Charness et al 2019,soep,858767,88,1,4,NA
Charness2019,Charness et al 2019,soep,859988,47,1,5,NA
Charness2019,Charness et al 2019,soep,860287,24,1,5,NA
Charness2019,Charness et al 2019,soep,860656,72,0,4,NA
Charness2019,Charness et al 2019,soep,861648,41,1,5,NA
Charness2019,Charness et al 2019,soep,862231,22,0,7,NA
Charness2019,Charness et al 2019,soep,863406,49,1,6,NA
Charness2019,Charness et al 2019,soep,863412,73,1,4,NA
Charness2019,Charness et al 2019,soep,863717,58,0,6,NA
Charness2019,Charness et al 2019,soep,863790,55,0,4,NA
Charness2019,Charness et al 2019,soep,864276,69,1,0,NA
Charness2019,Charness et al 2019,soep,864904,51,1,4,NA
Charness2019,Charness et al 2019,soep,865182,67,1,7,NA
Charness2019,Charness et al 2019,soep,865267,44,1,7,NA
Charness2019,Charness et al 2019,soep,865954,71,0,5,NA
Charness2019,Charness et al 2019,soep,866445,81,1,1,NA
Charness2019,Charness et al 2019,soep,866543,41,0,6,NA
Charness2019,Charness et al 2019,soep,867285,65,0,7,NA
Charness2019,Charness et al 2019,soep,867547,33,1,6,NA
Charness2019,Charness et al 2019,soep,868328,43,1,5,NA
Charness2019,Charness et al 2019,soep,868353,58,0,3,NA
Charness2019,Charness et al 2019,soep,868756,65,0,6,NA
Charness2019,Charness et al 2019,soep,868771,56,1,2,NA
Charness2019,Charness et al 2019,soep,868920,62,1,3,NA
Charness2019,Charness et al 2019,soep,869308,56,1,4,NA
Charness2019,Charness et al 2019,soep,870104,18,0,6,NA
Charness2019,Charness et al 2019,soep,870205,18,0,6,NA
Charness2019,Charness et al 2019,soep,871414,80,0,6,NA
Charness2019,Charness et al 2019,soep,871435,19,0,6,NA
Charness2019,Charness et al 2019,soep,871554,38,1,4,NA
Charness2019,Charness et al 2019,soep,871847,39,1,4,NA
Charness2019,Charness et al 2019,soep,872857,39,1,8,NA
Charness2019,Charness et al 2019,soep,873016,43,0,6,NA
Charness2019,Charness et al 2019,soep,873269,58,0,4,NA
Charness2019,Charness et al 2019,soep,873352,37,1,3,NA
Charness2019,Charness et al 2019,soep,874234,70,1,7,NA
Charness2019,Charness et al 2019,soep,874349,59,0,7,NA
Charness2019,Charness et al 2019,soep,875753,32,0,7,NA
Charness2019,Charness et al 2019,soep,875857,30,1,4,NA
Charness2019,Charness et al 2019,soep,876846,62,1,3,NA
Charness2019,Charness et al 2019,soep,876913,49,0,5,NA
Charness2019,Charness et al 2019,soep,877108,24,0,4,NA
Charness2019,Charness et al 2019,soep,877661,45,0,4,NA
Charness2019,Charness et al 2019,soep,878027,67,0,4,NA
Charness2019,Charness et al 2019,soep,878125,76,1,1,NA
Charness2019,Charness et al 2019,soep,878656,48,0,4,NA
Charness2019,Charness et al 2019,soep,878945,37,1,2,NA
Charness2019,Charness et al 2019,soep,879296,30,0,6,NA
Charness2019,Charness et al 2019,soep,879306,57,0,3,NA
Charness2019,Charness et al 2019,soep,879806,29,1,5,NA
Charness2019,Charness et al 2019,soep,880010,48,1,1,NA
Charness2019,Charness et al 2019,soep,880413,19,1,7,NA
Charness2019,Charness et al 2019,soep,881069,57,0,7,NA
Charness2019,Charness et al 2019,soep,881524,41,0,8,NA
Charness2019,Charness et al 2019,soep,881597,67,0,3,NA
Charness2019,Charness et al 2019,soep,881884,53,1,3,NA
Charness2019,Charness et al 2019,soep,881973,34,0,7,NA
Charness2019,Charness et al 2019,soep,882046,79,1,5,NA
Charness2019,Charness et al 2019,soep,882775,45,0,4,NA
Charness2019,Charness et al 2019,soep,882922,50,1,5,NA
Charness2019,Charness et al 2019,soep,883349,48,0,8,NA
Charness2019,Charness et al 2019,soep,883489,37,0,5,NA
Charness2019,Charness et al 2019,soep,884747,35,1,2,NA
Charness2019,Charness et al 2019,soep,884918,29,0,5,NA
Charness2019,Charness et al 2019,soep,885025,71,1,0,NA
Charness2019,Charness et al 2019,soep,885809,46,1,5,NA
Charness2019,Charness et al 2019,soep,886163,21,0,6,NA
Charness2019,Charness et al 2019,soep,886276,59,1,7,NA
Charness2019,Charness et al 2019,soep,886862,50,1,6,NA
Charness2019,Charness et al 2019,soep,886880,54,1,6,NA
Charness2019,Charness et al 2019,soep,886926,30,1,6,NA
Charness2019,Charness et al 2019,soep,887313,33,1,2,NA
Charness2019,Charness et al 2019,soep,887432,34,1,3,NA
Charness2019,Charness et al 2019,soep,887615,71,1,1,NA
Charness2019,Charness et al 2019,soep,887780,63,1,2,NA
Charness2019,Charness et al 2019,soep,888424,63,0,5,NA
Charness2019,Charness et al 2019,soep,888629,45,1,3,NA
Charness2019,Charness et al 2019,soep,888958,52,0,6,NA
Charness2019,Charness et al 2019,soep,889279,60,0,3,NA
Charness2019,Charness et al 2019,soep,889816,28,0,5,NA
Charness2019,Charness et al 2019,soep,890283,18,1,6,NA
Charness2019,Charness et al 2019,soep,890850,50,0,7,NA
Charness2019,Charness et al 2019,soep,891055,36,1,2,NA
Charness2019,Charness et al 2019,soep,895199,66,1,2,NA
Charness2019,Charness et al 2019,soep,896020,49,1,5,NA
Charness2019,Charness et al 2019,soep,896179,35,1,5,NA
Charness2019,Charness et al 2019,soep,896859,33,0,3,NA
Charness2019,Charness et al 2019,soep,896954,64,0,5,NA
Charness2019,Charness et al 2019,soep,897256,70,0,4,NA
Charness2019,Charness et al 2019,soep,898025,63,0,6,NA
Charness2019,Charness et al 2019,soep,898211,32,0,4,NA
Charness2019,Charness et al 2019,soep,898242,59,0,3,NA
Charness2019,Charness et al 2019,soep,898562,30,1,4,NA
Charness2019,Charness et al 2019,soep,899234,54,0,4,NA
Charness2019,Charness et al 2019,soep,899319,32,0,3,NA
Charness2019,Charness et al 2019,soep,899914,60,1,3,NA
Charness2019,Charness et al 2019,EG,800198,55,0,1,-2.45
Charness2019,Charness et al 2019,EG,800500,59,0,2,-1.5611780369933697
Charness2019,Charness et al 2019,EG,800961,49,0,1,-2.45
Charness2019,Charness et al 2019,EG,801556,78,0,1,-2.45
Charness2019,Charness et al 2019,EG,802920,40,1,2,-1.830966851541307
Charness2019,Charness et al 2019,EG,803366,71,0,3,0.07336972688557578
Charness2019,Charness et al 2019,EG,804061,65,1,3,-0.14174005264882
Charness2019,Charness et al 2019,EG,804074,41,0,1,-2.45
Charness2019,Charness et al 2019,EG,804251,65,0,4,0.4910202071885578
Charness2019,Charness et al 2019,EG,805319,47,0,4,0.4896208970551379
Charness2019,Charness et al 2019,EG,805416,55,0,1,-2.45
Charness2019,Charness et al 2019,EG,805795,46,1,1,-2.45
Charness2019,Charness et al 2019,EG,806008,60,0,1,-2.45
Charness2019,Charness et al 2019,EG,807061,59,1,1,-2.45
Charness2019,Charness et al 2019,EG,807479,74,1,3,0.13363021934404964
Charness2019,Charness et al 2019,EG,807992,72,0,1,-2.45
Charness2019,Charness et al 2019,EG,808352,61,1,4,0.3730284045776352
Charness2019,Charness et al 2019,EG,808590,75,1,1,-2.45
Charness2019,Charness et al 2019,EG,808743,65,0,1,-2.45
Charness2019,Charness et al 2019,EG,809375,41,0,3,-0.03419915442587809
Charness2019,Charness et al 2019,EG,809814,18,1,1,-2.45
Charness2019,Charness et al 2019,EG,809838,44,1,1,-2.45
Charness2019,Charness et al 2019,EG,810394,32,1,1,-2.45
Charness2019,Charness et al 2019,EG,810424,68,1,1,-2.45
Charness2019,Charness et al 2019,EG,811297,61,1,1,-2.45
Charness2019,Charness et al 2019,EG,811557,60,0,4,0.3071948647266254
Charness2019,Charness et al 2019,EG,812063,45,0,6,1
Charness2019,Charness et al 2019,EG,812243,58,1,5,0.9621316951233894
Charness2019,Charness et al 2019,EG,812313,29,1,6,1
Charness2019,Charness et al 2019,EG,812319,56,1,1,-2.45
Charness2019,Charness et al 2019,EG,812518,49,0,1,-2.45
Charness2019,Charness et al 2019,EG,813861,44,1,3,0.1808227292238734
Charness2019,Charness et al 2019,EG,815066,46,1,5,0.6311365606961772
Charness2019,Charness et al 2019,EG,815451,61,0,3,0.05172161384019999
Charness2019,Charness et al 2019,EG,815951,32,0,1,-2.45
Charness2019,Charness et al 2019,EG,815957,21,1,3,-0.01873563837958503
Charness2019,Charness et al 2019,EG,816461,61,1,4,0.422521411140915
Charness2019,Charness et al 2019,EG,817074,67,0,4,0.32328735194867475
Charness2019,Charness et al 2019,EG,817303,61,1,4,0.4751871451851912
Charness2019,Charness et al 2019,EG,817663,55,0,1,-2.45
Charness2019,Charness et al 2019,EG,817950,64,0,2,-0.5704325030767361
Charness2019,Charness et al 2019,EG,818112,61,1,2,-0.2638337893551217
Charness2019,Charness et al 2019,EG,818356,75,1,5,0.6612421032041311
Charness2019,Charness et al 2019,EG,818927,56,0,1,-2.45
Charness2019,Charness et al 2019,EG,819076,53,0,5,0.9304655159357935
Charness2019,Charness et al 2019,EG,819406,36,1,1,-2.45
Charness2019,Charness et al 2019,EG,819479,49,1,1,-2.45
Charness2019,Charness et al 2019,EG,821176,54,1,6,1
Charness2019,Charness et al 2019,EG,821765,29,1,1,-2.45
Charness2019,Charness et al 2019,EG,821948,50,1,6,1
Charness2019,Charness et al 2019,EG,822348,20,1,2,-1.8688408037181945
Charness2019,Charness et al 2019,EG,822354,53,1,1,-2.45
Charness2019,Charness et al 2019,EG,822521,59,0,1,-2.45
Charness2019,Charness et al 2019,EG,822814,28,0,3,0.24362762801814822
Charness2019,Charness et al 2019,EG,822836,49,0,1,-2.45
Charness2019,Charness et al 2019,EG,823205,32,0,3,0.17788552605547006
Charness2019,Charness et al 2019,EG,823672,78,0,1,-2.45
Charness2019,Charness et al 2019,EG,824633,33,0,1,-2.45
Charness2019,Charness et al 2019,EG,824707,58,1,3,0.0707108132750727
Charness2019,Charness et al 2019,EG,824758,27,1,4,0.40345449329586697
Charness2019,Charness et al 2019,EG,825302,72,0,1,-2.45
Charness2019,Charness et al 2019,EG,825875,72,0,6,1
Charness2019,Charness et al 2019,EG,826159,30,1,1,-2.45
Charness2019,Charness et al 2019,EG,826266,68,1,1,-2.45
Charness2019,Charness et al 2019,EG,826446,40,0,1,-2.45
Charness2019,Charness et al 2019,EG,826733,70,1,1,-2.45
Charness2019,Charness et al 2019,EG,828048,56,1,3,-0.06175288340542466
Charness2019,Charness et al 2019,EG,828469,50,0,1,-2.45
Charness2019,Charness et al 2019,EG,829510,74,1,1,-2.45
Charness2019,Charness et al 2019,EG,830889,50,0,6,1
Charness2019,Charness et al 2019,EG,830950,30,1,1,-2.45
Charness2019,Charness et al 2019,EG,830966,50,0,2,-1.0199955103592948
Charness2019,Charness et al 2019,EG,831207,60,1,1,-2.45
Charness2019,Charness et al 2019,EG,831500,44,1,2,-1.3494004218955526
Charness2019,Charness et al 2019,EG,831503,60,0,1,-2.45
Charness2019,Charness et al 2019,EG,831912,37,1,3,-0.15515539124840871
Charness2019,Charness et al 2019,EG,832144,61,1,1,-2.45
Charness2019,Charness et al 2019,EG,832360,42,0,3,0.08575991440797223
Charness2019,Charness et al 2019,EG,832980,41,1,4,0.40619586922926826
Charness2019,Charness et al 2019,EG,833047,53,1,4,0.4018185623572208
Charness2019,Charness et al 2019,EG,833108,19,1,2,-1.2722885447670707
Charness2019,Charness et al 2019,EG,833636,51,0,2,-1.0612935248669237
Charness2019,Charness et al 2019,EG,833679,54,1,1,-2.45
Charness2019,Charness et al 2019,EG,834094,36,1,2,-1.8714239839091897
Charness2019,Charness et al 2019,EG,834600,36,1,2,-0.9775676924223082
Charness2019,Charness et al 2019,EG,834759,55,0,2,-1.6462033756892198
Charness2019,Charness et al 2019,EG,834869,32,0,1,-2.45
Charness2019,Charness et al 2019,EG,835144,35,1,1,-2.45
Charness2019,Charness et al 2019,EG,835339,29,0,1,-2.45
Charness2019,Charness et al 2019,EG,835388,33,0,5,0.9695368120446801
Charness2019,Charness et al 2019,EG,835397,57,1,5,0.7779770410852507
Charness2019,Charness et al 2019,EG,835537,19,1,1,-2.45
Charness2019,Charness et al 2019,EG,835858,64,0,6,1
Charness2019,Charness et al 2019,EG,836151,35,1,2,-1.2215154575486669
Charness2019,Charness et al 2019,EG,836746,31,1,6,1
Charness2019,Charness et al 2019,EG,837698,53,0,1,-2.45
Charness2019,Charness et al 2019,EG,838076,80,1,1,-2.45
Charness2019,Charness et al 2019,EG,839328,54,1,1,-2.45
Charness2019,Charness et al 2019,EG,839428,20,1,1,-2.45
Charness2019,Charness et al 2019,EG,839498,68,1,1,-2.45
Charness2019,Charness et al 2019,EG,840066,23,1,1,-2.45
Charness2019,Charness et al 2019,EG,840078,61,1,1,-2.45
Charness2019,Charness et al 2019,EG,841726,68,1,1,-2.45
Charness2019,Charness et al 2019,EG,841970,66,1,3,0.06902900252956895
Charness2019,Charness et al 2019,EG,842379,58,0,6,1
Charness2019,Charness et al 2019,EG,842681,76,0,5,0.76380505645647645
Charness2019,Charness et al 2019,EG,843893,49,0,6,1
Charness2019,Charness et al 2019,EG,844265,53,1,2,-1.658589401266072
Charness2019,Charness et al 2019,EG,844503,48,1,4,0.4910689644748345
Charness2019,Charness et al 2019,EG,844976,39,1,1,-2.45
Charness2019,Charness et al 2019,EG,845230,72,0,6,1
Charness2019,Charness et al 2019,EG,845993,67,1,1,-2.45
Charness2019,Charness et al 2019,EG,846188,61,0,1,-2.45
Charness2019,Charness et al 2019,EG,846392,73,1,2,-2.2945957473525778
Charness2019,Charness et al 2019,EG,846902,57,1,3,0.05515029503498223
Charness2019,Charness et al 2019,EG,846908,21,0,3,0.1284000221965834
Charness2019,Charness et al 2019,EG,847079,49,0,1,-2.45
Charness2019,Charness et al 2019,EG,847119,42,1,1,-2.45
Charness2019,Charness et al 2019,EG,847567,67,0,6,1
Charness2019,Charness et al 2019,EG,848519,70,1,6,1
Charness2019,Charness et al 2019,EG,848663,61,0,3,-0.005653235993813732
Charness2019,Charness et al 2019,EG,848693,64,0,2,-0.8301305368030445
Charness2019,Charness et al 2019,EG,849322,41,1,2,-2.324877628446557
Charness2019,Charness et al 2019,EG,849694,35,1,5,0.6949618220096454
Charness2019,Charness et al 2019,EG,849795,58,0,2,-1.8738676601834596
Charness2019,Charness et al 2019,EG,849829,56,1,1,-2.45
Charness2019,Charness et al 2019,EG,849835,55,1,1,-2.45
Charness2019,Charness et al 2019,EG,850106,81,1,4,0.3696072567440569
Charness2019,Charness et al 2019,EG,850451,50,0,6,1
Charness2019,Charness et al 2019,EG,850482,40,0,1,-2.45
Charness2019,Charness et al 2019,EG,850689,47,0,2,-1.2671222318382935
Charness2019,Charness et al 2019,EG,850717,69,1,3,0.022210972404573093
Charness2019,Charness et al 2019,EG,850738,64,0,4,0.4163955482258461
Charness2019,Charness et al 2019,EG,851535,42,0,2,-0.23687066018115743
Charness2019,Charness et al 2019,EG,851641,55,1,6,1
Charness2019,Charness et al 2019,EG,851992,67,0,3,-0.15408379793167115
Charness2019,Charness et al 2019,EG,852429,70,1,1,-2.45
Charness2019,Charness et al 2019,EG,852954,33,0,1,-2.45
Charness2019,Charness et al 2019,EG,853320,21,0,3,0.25166296589653936
Charness2019,Charness et al 2019,EG,854312,41,0,2,-2.0795104172057473
Charness2019,Charness et al 2019,EG,855450,55,0,1,-2.45
Charness2019,Charness et al 2019,EG,855792,23,0,5,0.6900753719964996
Charness2019,Charness et al 2019,EG,856646,56,0,1,-2.45
Charness2019,Charness et al 2019,EG,856680,48,1,3,0.28320091101108114
Charness2019,Charness et al 2019,EG,857064,75,1,6,1
Charness2019,Charness et al 2019,EG,857388,65,1,5,0.990129116922617
Charness2019,Charness et al 2019,EG,858233,69,1,1,-2.45
Charness2019,Charness et al 2019,EG,858432,52,0,3,0.20507933139801024
Charness2019,Charness et al 2019,EG,858959,69,0,1,-2.45
Charness2019,Charness et al 2019,EG,859735,63,0,2,-0.5838125481782483
Charness2019,Charness et al 2019,EG,860888,65,0,1,-2.45
Charness2019,Charness et al 2019,EG,861184,35,1,1,-2.45
Charness2019,Charness et al 2019,EG,862030,59,0,2,-1.479622399955988
Charness2019,Charness et al 2019,EG,862637,52,1,1,-2.45
Charness2019,Charness et al 2019,EG,863430,41,0,2,-1.5315403332724238
Charness2019,Charness et al 2019,EG,864047,20,0,1,-2.45
Charness2019,Charness et al 2019,EG,865423,60,0,1,-2.45
Charness2019,Charness et al 2019,EG,867794,67,1,3,0.28361461964435875
Charness2019,Charness et al 2019,EG,868096,66,0,3,-0.04015984575031327
Charness2019,Charness et al 2019,EG,868423,46,1,1,-2.45
Charness2019,Charness et al 2019,EG,869046,65,1,1,-2.45
Charness2019,Charness et al 2019,EG,869256,43,1,2,-1.991501851200592
Charness2019,Charness et al 2019,EG,869424,63,0,1,-2.45
Charness2019,Charness et al 2019,EG,870272,74,1,1,-2.45
Charness2019,Charness et al 2019,EG,870327,50,1,3,0.13164041053736578
Charness2019,Charness et al 2019,EG,870382,60,0,3,0.06747801684308793
Charness2019,Charness et al 2019,EG,870703,39,1,2,-2.358259721817449
Charness2019,Charness et al 2019,EG,870904,58,0,3,-0.1499900888907723
Charness2019,Charness et al 2019,EG,871411,43,1,3,0.2870106547931208
Charness2019,Charness et al 2019,EG,871566,63,1,4,0.4351815369329415
Charness2019,Charness et al 2019,EG,871646,19,0,2,-1.5997681290749464
Charness2019,Charness et al 2019,EG,872680,22,1,5,0.5483204611809924
Charness2019,Charness et al 2019,EG,874093,28,1,2,-1.844245333436411
Charness2019,Charness et al 2019,EG,874191,66,1,1,-2.45
Charness2019,Charness et al 2019,EG,874655,60,0,1,-2.45
Charness2019,Charness et al 2019,EG,874737,59,0,6,1
Charness2019,Charness et al 2019,EG,875347,59,1,4,0.41496795950690285
Charness2019,Charness et al 2019,EG,875442,52,0,4,0.48872023036470635
Charness2019,Charness et al 2019,EG,875482,27,0,6,1
Charness2019,Charness et al 2019,EG,875622,49,1,1,-2.45
Charness2019,Charness et al 2019,EG,875927,32,1,1,-2.45
Charness2019,Charness et al 2019,EG,876095,55,0,1,-2.45
Charness2019,Charness et al 2019,EG,876324,72,0,2,-0.8238775756768884
Charness2019,Charness et al 2019,EG,877053,43,0,2,-2.3334206528635697
Charness2019,Charness et al 2019,EG,877090,47,0,1,-2.45
Charness2019,Charness et al 2019,EG,877575,53,1,1,-2.45
Charness2019,Charness et al 2019,EG,877957,49,0,3,0.22186666176188732
Charness2019,Charness et al 2019,EG,878134,54,0,1,-2.45
Charness2019,Charness et al 2019,EG,878149,46,1,4,0.39946583078475667
Charness2019,Charness et al 2019,EG,878671,33,1,3,0.2582040152722038
Charness2019,Charness et al 2019,EG,879037,60,0,2,-1.5697192464582623
Charness2019,Charness et al 2019,EG,879095,56,1,3,-0.15579706103540958
Charness2019,Charness et al 2019,EG,879632,81,1,6,1
Charness2019,Charness et al 2019,EG,879772,68,1,2,-0.24011247924529044
Charness2019,Charness et al 2019,EG,879794,66,0,6,1
Charness2019,Charness et al 2019,EG,880084,19,0,6,1
Charness2019,Charness et al 2019,EG,881100,40,1,1,-2.45
Charness2019,Charness et al 2019,EG,881237,30,1,2,-2.222615252255928
Charness2019,Charness et al 2019,EG,881375,49,1,1,-2.45
Charness2019,Charness et al 2019,EG,881542,36,1,2,-0.4953195189870896
Charness2019,Charness et al 2019,EG,882437,44,0,1,-2.45
Charness2019,Charness et al 2019,EG,885113,44,0,5,0.8890522706788033
Charness2019,Charness et al 2019,EG,885153,20,1,1,-2.45
Charness2019,Charness et al 2019,EG,885226,62,0,2,-1.179559038768057
Charness2019,Charness et al 2019,EG,886376,62,0,1,-2.45
Charness2019,Charness et al 2019,EG,886508,34,1,1,-2.45
Charness2019,Charness et al 2019,EG,888412,20,1,3,0.28398578980471934
Charness2019,Charness et al 2019,EG,888415,59,0,3,0.2392301736841909
Charness2019,Charness et al 2019,EG,888677,52,0,1,-2.45
Charness2019,Charness et al 2019,EG,888934,61,1,1,-2.45
Charness2019,Charness et al 2019,EG,889050,20,1,5,0.7769589647650719
Charness2019,Charness et al 2019,EG,889233,65,1,6,1
Charness2019,Charness et al 2019,EG,889691,66,0,4,0.4503449632436968
Charness2019,Charness et al 2019,EG,890368,35,0,5,0.5844728496158496
Charness2019,Charness et al 2019,EG,891442,69,0,2,-0.16596804616740002
Charness2019,Charness et al 2019,EG,891531,48,1,3,0.1234547569509595
Charness2019,Charness et al 2019,EG,891650,27,1,5,0.6625221000285819
Charness2019,Charness et al 2019,EG,891870,24,1,5,0.6782184969633818
Charness2019,Charness et al 2019,EG,892434,28,0,1,-2.45
Charness2019,Charness et al 2019,EG,893371,19,1,1,-2.45
Charness2019,Charness et al 2019,EG,893432,59,1,1,-2.45
Charness2019,Charness et al 2019,EG,894387,44,1,3,0.002835913000162671
Charness2019,Charness et al 2019,EG,894409,53,1,1,-2.45
Charness2019,Charness et al 2019,EG,894604,41,1,1,-2.45
Charness2019,Charness et al 2019,EG,894622,55,1,6,1
Charness2019,Charness et al 2019,EG,895266,66,1,1,-2.45
Charness2019,Charness et al 2019,EG,895346,55,0,1,-2.45
Charness2019,Charness et al 2019,EG,895526,48,0,2,-1.946878469581716
Charness2019,Charness et al 2019,EG,895697,69,0,2,-2.053205143127125
Charness2019,Charness et al 2019,EG,896560,34,0,5,0.9040210481034592
Charness2019,Charness et al 2019,EG,897625,62,0,1,-2.45
Charness2019,Charness et al 2019,EG,898056,62,0,1,-2.45
Charness2019,Charness et al 2019,EG,898330,66,1,1,-2.45
Charness2019,Charness et al 2019,EG,898367,61,0,3,0.11834737899247552
Charness2019,Charness et al 2019,EG,898416,60,1,2,-0.6152193764783445
Charness2019,Charness et al 2019,EG,898547,50,0,1,-2.45
Charness2019,Charness et al 2019,EG,898596,22,0,3,0.03599076883168889
Charness2019,Charness et al 2019,EG,898797,18,1,1,-2.45
Charness2019,Charness et al 2019,EG,898889,34,1,1,-2.45
Charness2019,Charness et al 2019,EG,899188,65,0,4,0.44542114713462067
Charness2019,Charness et al 2019,EG,899322,50,1,1,-2.45
