ID;HLL1_1;HLL1_2;HLL1_3;HLL1_4;HLL1_5;HLL1_6;HLL1_7;HLL1_8;HLL1_9;HLL1_10;INCONSIST_HLL1;Row_10_inconsistent_HLL1;switches_HLL1;HLL2_1;HLL2_2;HLL2_3;HLL2_4;HLL2_5;HLL2_6;HLL2_7;HLL2_8;HLL2_9;HLL2_10;INCONSIST_HLL2;Row_10_inconsistent_HLL2;switches_HLL2;L1_1;L1_2;L1_3;L1_4;L1_5;L1_6;L1_7;L1_8;L1_9;L1_10;L1_11;L2_1;L2_2;L2_3;L2_4;L2_5;L2_6;L2_7;L2_8;L2_9;L2_10;L2_11;dsp_1;dsp_2;dsp_3;dsp_4;f1;f2;f3;f4;f5;f6;f7;f8;f9;f10a;f10b;f10c;f11;f12;f13;f14;f15;f16;f17;f18;f19;f20;f21;f22;f23;f24;f25;f26;f27;f28;;geld;variante;vhll1;vhll2;zeit_begruessung;zeit_denksport;zeit_einleitung;zeit_frage;zeit_frage2;zeit_fragebogen;zeit_hll1;zeit_hll2;zeit_lotterie1;zeit_lotterie2;NUM_SKILLS
0j9krmot;0;0;0;0;0;0;0;0;0;0;1;1;0;0;0;0;0;0;0;0;0;0;0;1;1;0;A;A;A;A;A;A;A;A;A;A;A;A;A;A;A;A;A;A;A;A;A;A;48;36;insges. ist der Anteil um 50% zurückgegangen;1;1;1940;59;3;2;189;2;5;3;25;22;0;1;0;0;2;1;0;0;0;4;2;4;1;2;2;2;4;1;1;;0;1;0;2;12;3356;31;18;11;314;67;63;44;33;702
3k1ubvi1;1;1;0;0;0;1;1;1;0;1;1;0;4;0;0;1;1;1;0;0;1;1;1;1;0;3;A;A;A;A;B;B;B;A;B;B;B;A;A;A;A;A;A;A;A;B;B;B;48;39;hat sich dezimiert;2;1;1981;31;1;5;187;4;6;3;163;48;0;1;0;1;3;1;1;0;1;8;5;6;8;9;1;5;7;1;1;;0;2;3;6;660;268;14;13;5;146;239;67;31;46;454
hulvs9c0;0;0;0;0;0;0;0;0;0;0;1;1;0;0;0;0;0;0;0;0;0;0;0;1;1;0;A;A;A;A;A;A;B;B;B;B;B;A;A;A;A;A;A;A;A;A;A;A;48;36;Die Menge hat sich halbiert. Von 0,8Nanogramm auf 0,4Nanogramm pro Gramm Fett.;3;1;1978;38;0;1;193;3;4;3;120;330;0;1;0;1;3;1;0;0;1;3;1;1;3;5;3;1;5;1;1;;0;1;3;5;28;463;34;11;7;212;117;65;84;26;1079
krh58va7;1;1;1;1;0;1;0;1;1;1;1;0;4;1;1;1;0;1;1;1;0;1;0;1;1;5;A;A;A;A;A;A;A;A;A;A;A;A;A;A;A;A;A;A;A;A;A;A;48;36;jeweils 0,2 Nanogramm weniger pro gramm Fett pro zehn Jahre;3;1;1958;21;4;4;182;4;5;5;5;7;0;1;0;1;3;1;0;0;0;8;3;8;6;9;2;5;8;0;1;;1;2;10;10;7;314;27;38;26;350;100;185;61;117;1079
mallreq3;0;1;1;0;0;0;1;1;0;0;1;1;4;0;1;0;1;0;0;1;0;1;1;1;0;7;A;B;B;B;A;A;B;B;B;B;A;A;B;B;B;A;B;B;B;A;A;B;36;35;stetig fallend relativ gleichmäsig;2;1;1994;89;0;2;178;2;4;5;20;0;0;0;0;1;3;0;0;0;0;7;4;1;10;4;7;3;2;1;1;;0;2;3;4;18;242;1;24;4;269;15;110;29;58;280
rt8b9ln4;0;0;0;1;1;1;1;0;0;0;1;1;2;0;0;0;1;1;1;1;0;0;0;1;1;2;A;A;A;A;B;B;B;B;B;B;B;A;A;A;A;A;A;B;B;B;B;B;48;36;Der Dioxinanteil hat sich in 10Jahreszeiträumen um jeweil 0,2 Nitrogramm verring;1;1;1976;21;2;4;190;3;6;2;105;95;1.3;0;0;0;2;0;0;0;1;8;7;5;7;8;5;2;7;1;1;;0;1;10;10;4;284;19;12;11;192;116;58;63;29;702
5essusvs;0;0;0;0;0;1;1;1;1;1;0;0;1;0;0;0;0;0;0;0;0;0;0;1;1;0;A;A;A;B;B;B;B;B;B;B;B;A;A;A;B;B;B;B;B;B;B;B;48;36;Anteil ist um die Hälfte gesunken;1;2;1964;47;3;5;167;5;4;1;25;30;130;0;0;1;3;1;0;0;1;5;4;4;4;4;7;4;6;1;1;;0;1;9;7;11;188;4;7;12;134;104;132;73;32;702
a6q2ha1q;0;0;0;0;0;0;1;1;1;1;0;0;1;0;0;0;0;1;0;1;1;1;1;1;0;3;A;A;B;B;B;B;B;B;B;B;B;A;A;A;A;A;A;B;B;B;B;B;48;36;auf die Hälfte veringert;3;1;1984;22;0;2;185;2;6;1;30;0;100;0;0;1;2;1;0;0;0;3;5;3;6;5;7;8;4;1;1;;0;2;6;6;3;230;13;12;3;91;45;77;29;61;1079
d12om2j0;0;0;0;0;0;0;0;1;1;1;0;0;1;0;0;0;1;0;0;1;1;1;1;1;0;3;A;A;B;B;B;B;B;B;B;B;B;A;A;B;B;B;B;B;B;B;B;B;48;36;reduzierung um 0,02 Nanogramm/Gramm Fett pro Jahr;3;1;1977;34;3;5;186;3;6;3;28;2;0;1;0;0;3;0;0;0;1;4;6;6;4;4;5;5;5;1;1;;0;2;8;6;2;255;3;19;8;244;95;140;55;97;1079
kjq4tcop;0;0;0;0;0;1;1;1;1;1;0;0;1;1;1;0;0;0;0;0;0;1;1;1;0;2;A;A;B;B;B;B;B;B;B;B;B;A;A;A;A;A;B;B;B;B;B;B;48;36;halbiert;3;1;1966;29;2;4;178;4;5;3;80;140;0;1;0;1;3;1;0;0;1;4;6;4;8;4;4;3;4;1;1;;0;2;9;6;15;184;28;16;6;206;69;192;66;74;1079
koonptsr;0;0;0;0;0;0;0;0;0;1;0;0;1;0;0;0;0;0;0;0;0;0;0;1;1;0;A;B;B;B;B;B;B;B;B;B;B;A;A;A;A;B;B;B;B;B;B;B;48;36;Der Anteil hat sich halbiert;3;1;1977;34;2;4;178;4;6;3;60;10;0;1;1;0;3;1;0;0;1;5;1;3;6;4;6;5;3;1;1;;1;1;3;10;13;409;46;20;9;190;359;87;154;33;1079
lponfb24;0;0;0;0;0;0;1;1;1;1;0;0;1;0;0;0;0;0;0;0;0;0;0;1;1;0;A;A;B;B;B;B;B;B;B;B;B;A;A;A;A;A;A;A;B;B;B;B;48;36u;um 0,4 Nanogramm/Gramm Fett weniger;1;1;1969;37;2;4;186;5;6;3;30;250;0;1;1;1;3;1;0;0;1;5;5;5;3;5;5;5;5;0;0;;1;1;8;6;8;297;28;16;13;233;78;142;111;68;702
p51khjpd;0;0;0;0;0;0;1;1;1;1;0;0;1;1;1;1;1;1;0;0;0;0;0;1;1;1;A;B;B;B;B;B;B;B;B;B;B;A;A;A;A;B;B;B;B;B;B;B;48;32;er hat sich halbiert;3;1;1959;85;2;5;168;4;6;4;120;230;1.5;0;0;0;3;0;0;0;0;5;7;4;6;8;7;7;8;1;1;;1;1;5;3;9;198;56;14;9;231;274;159;143;45;831
6miom3f4;0;0;0;0;0;0;0;0;0;0;1;1;0;1;1;1;1;1;1;1;1;1;1;0;0;0;A;A;A;A;A;A;A;A;A;A;A;A;A;A;A;A;A;A;A;A;A;A;48;36;Halbiert ;4;1;1970;88;3;5;178;2;5;5;25;55;0;0;0;0;3;1;0;0;0;8;6;8;5;5;8;2;8;1;1;;0;2;8;9;16;168;26;12;4;198;29;151;33;73;702
7217kq3s;0;0;0;0;0;0;0;1;0;1;1;0;3;0;0;0;0;0;0;0;0;1;1;0;0;1;A;B;B;B;B;B;B;B;B;B;B;A;A;A;A;B;B;B;B;B;B;B;48;36;Der Dioxinanteil hat sich zwischen 1975 und 1995 um 50% reduziert.;2;2;1987;24;0;1;178;2;6;3;160;20;0;0;0;0;2;1;0;0;0;2;3;1;5;5;3;7;2;1;1;;1;1;8;7;12;250;31;15;5;188;176;141;252;88;702
fvbjr58r;0;1;1;0;0;0;0;0;0;0;1;1;2;0;0;0;0;0;1;1;1;1;1;0;0;1;A;A;A;A;A;A;A;A;A;A;A;A;A;A;A;A;A;A;A;A;A;A;48;34;halbiert;1;1;1946;31;2;3;175;3;8;3;50;0;0;1;0;1;1;0;0;0;1;7;1;5;6;8;8;7;7;1;1;;0;1;9;10;8;228;17;17;6;306;117;104;136;72;454
kv0o28nc;0;0;0;0;0;0;0;0;0;0;1;1;0;0;0;0;0;0;0;0;0;0;1;0;0;1;A;B;B;B;B;B;B;B;B;B;B;A;A;B;B;B;B;B;B;B;B;B;48;36;halbiert;3;1;1966;38;3;5;189;4;5;4;180;300;500;1;1;1;3;1;0;0;0;7;2;4;6;3;10;7;7;0;0;;1;1;5;8;9;160;43;12;7;164;109;105;148;82;1079
lcq4mjqf;1;1;1;1;1;1;1;0;0;0;1;1;1;0;0;0;0;0;1;1;1;1;1;0;0;1;A;A;A;A;A;A;A;A;B;B;B;A;A;A;A;A;A;A;A;A;A;A;48;36;hat sich halbiert;3;1;1964;99;2;3;179;3;6;4;10;10;1;0;0;1;2;1;1;0;1;8;8;4;8;8;8;8;8;0;1;;0;1;8;8;7;264;5;8;5;169;68;4863;89;36;1079
m00cga8p;0;0;0;0;0;0;0;0;0;0;1;1;0;0;0;0;0;0;0;0;1;1;1;0;0;1;A;A;A;A;B;B;B;B;B;B;B;A;A;A;A;A;A;A;B;B;B;B;48;36;Hat sich in20Jahren halbirt;2;1;1948;35;2;6;174;1;4;3;30;35;0;0;0;1;3;1;0;0;0;4;7;3;5;4;8;5;7;1;1;;0;1;3;3;51;196;1;14;6;246;147;123;106;30;702
tb3q4oqs;0;0;0;0;1;0;1;1;1;1;1;0;3;0;0;0;0;0;0;0;1;1;1;0;0;1;A;A;B;B;B;B;B;B;B;B;B;A;A;A;A;A;A;A;A;B;B;B;48;36;-50%;3;1;1981;54;0;2;176;4;6;1;50;165;365;0;0;0;3;1;0;0;1;3;2;0;8;1;2;3;2;1;1;;1;1;5;8;7;176;37;20;13;1034;175;83;73;30;1079
04qskchb;0;0;0;0;0;0;0;1;1;1;0;0;1;0;0;0;0;0;1;1;1;1;1;0;0;1;A;A;A;A;A;A;B;B;B;B;B;A;A;A;A;A;A;A;A;A;A;A;48;36;Er hat proportional abgenommen.;1;2;1993;32;0;5;176;5;3;5;1;0;1;0;0;1;3;0;0;0;0;3;3;4;4;7;6;2;1;1;1;;0;1;10;10;8;271;13;10;6;231;85;52;102;76;702
08qedssm;0;0;0;0;0;0;1;1;1;1;0;0;1;0;0;0;0;0;1;1;1;1;1;0;0;1;A;A;A;A;A;A;A;A;A;A;A;A;A;A;A;A;A;A;A;A;A;A;48;36;halbiert;3;1;1983;89;0;2;183;5;6;3;1;1;1;0;0;0;3;0;0;0;0;6;6;2;8;5;4;4;3;1;0;;1;2;10;7;15;312;66;23;9;295;32;135;88;144;1079
0ooalu0l;0;0;0;0;0;0;1;1;1;1;0;0;1;0;0;0;0;0;0;1;1;1;1;0;0;1;A;A;A;A;A;A;B;B;B;B;B;A;A;A;A;A;A;A;A;A;A;A;48;36;Der Dioxinanteil ist von 1975 bis 1995 um die Hälfte zurück gegangen.;3;1;1990;48;0;2;190;1;6;4;35;30;220;0;0;1;3;1;0;0;0;4;5;2;6;5;5;2;3;1;1;;1;2;9;7;2;291;23;11;7;341;41;92;22;129;1079
1kpo0k6s;0;0;0;0;0;0;0;1;1;1;0;0;1;0;0;0;0;0;0;0;1;1;1;0;0;1;A;A;A;A;A;B;B;B;B;B;B;A;A;A;A;A;A;A;B;B;B;B;48;36;Im Zeitraum von 20 Jahren hat sich der Gehalt linear auf die Hälfte reduziert;3;1;1962;63;2;3;181;2;5;3;30;180;0;0;0;0;2;1;0;0;0;4;2;3;3;4;4;3;4;1;1;;1;1;10;9;5;355;30;12;7;283;140;170;114;111;1079
1mt7dv6n;0;0;0;0;0;0;0;0;0;1;0;0;1;0;0;0;0;0;0;0;0;0;1;0;0;1;A;A;B;B;B;B;B;B;B;B;B;A;A;A;A;B;B;B;B;B;B;B;48;36;halbiert;1;1;1953;32;3;2;176;3;5;4;35;55;1;1;0;1;3;1;0;0;0;5;4;5;2;7;3;6;7;0;1;;0;1;8;8;6;407;22;26;6;207;220;94;141;75;702
20qpij90;0;0;0;1;1;1;1;1;1;1;0;0;1;0;0;0;0;0;0;1;1;1;1;0;0;1;A;A;B;B;B;B;B;B;B;B;B;A;A;A;A;A;A;B;B;B;B;B;48;36;halbiert;3;1;1986;29;0;1;179;2;6;4;160;0;0.01;1;0;0;3;0;0;0;0;6;2;4;7;7;4;8;8;0;1;;1;2;10;9;20;189;40;24;21;205;242;159;65;249;1079
2ff57gji;0;0;0;0;0;1;1;1;1;1;0;0;1;0;0;0;0;0;1;1;1;1;1;0;0;1;A;B;B;B;B;B;B;B;B;B;B;A;B;B;B;B;B;B;B;B;B;B;36;36;50% weniger;3;1;1957;49;3;6;720;5;5;4;100;180;770;0;0;0;1;0;0;0;0;5;2;2;2;2;2;1;1;1;1;;1;1;10;5;11;152;29;18;8;193;153;74;147;79;905
2pbkrl6s;0;0;0;0;1;1;1;1;1;1;0;0;1;0;0;0;0;1;1;1;1;1;1;0;0;1;A;A;B;A;A;A;A;A;A;A;B;A;A;A;A;A;A;A;A;A;A;A;48;36;50% gesunken;3;1;1987;29;0;2;180;2;6;3;70;140;0;0;0;1;3;1;0;0;0;6;5;1;5;5;1;1;5;1;1;;1;1;8;8;343;270;49;15;8;199;249;160;974;357;1079
353ovj8k;0;0;0;0;0;0;1;1;1;1;0;0;1;0;0;0;0;0;0;1;1;1;1;0;0;1;A;A;B;B;B;B;B;B;B;B;B;A;A;A;A;A;A;B;B;B;B;B;48;36;um 50% gesunken;3;1;1955;34;3;4;185;2;6;4;80;25;70;0;0;0;2;1;0;0;0;5;4;4;5;5;5;6;5;1;1;;0;2;7;7;9;149;18;24;8;198;42;98;53;97;1079
366nsscg;0;0;0;1;1;1;1;1;1;1;0;0;1;0;0;0;1;1;1;1;1;1;1;0;0;1;A;B;B;B;B;B;B;B;B;B;B;A;A;B;B;B;B;B;B;B;B;B;48;36;Der Dioxinanteil in der Muttermilch hat sich im genannten Zeitraum halbiert. ;3;1;1990;4;0;1;194;3;6;3;150;2150;0;0;0;0;2;1;0;0;1;7;10;8;7;8;9;6;7;1;1;;0;1;9;10;2;201;85;5;7;172;17;34;76;26;1079
3j2csvbn;0;0;0;1;1;1;1;1;1;1;0;0;1;0;0;0;1;1;1;1;1;1;1;0;0;1;A;B;B;B;B;B;B;B;B;B;B;A;A;A;B;B;B;B;B;B;B;B;48;36;halbiert;3;1;1973;49;3;5;183;4;5;1;40;2;4;1;0;0;2;1;0;0;1;7;4;8;5;6;4;6;7;1;1;;0;2;7;7;14;184;17;12;4;150;27;142;32;66;1079
3l3j32bn;0;0;0;1;1;1;1;1;1;1;0;0;1;0;0;0;1;1;1;1;1;1;1;0;0;1;A;B;B;B;B;B;B;B;B;B;B;A;A;A;A;B;B;B;B;B;B;B;48;37;der dioxiinanteil hat sich halbiert;3;1;1960;25;4;5;187;5;5;4;66;114;150;0;0;0;3;0;0;0;1;7;6;7;4;6;7;5;6;1;1;;1;2;10;7;12;1005;60;17;9;270;52;115;28;119;831
3toeargs;0;0;0;0;1;1;1;1;1;1;0;0;1;0;0;0;0;1;1;1;1;1;1;0;0;1;A;B;B;A;A;A;A;A;A;A;A;A;A;A;A;A;A;A;A;A;A;A;48;35;Halbiert;3;1;1993;38;0;2;190;1;4;3;350;250;0;1;0;1;3;1;0;1;0;5;6;5;7;4;3;5;4;1;1;;0;1;10;9;3;211;2;16;8;199;14;83;669;35;831
40da8dul;0;0;0;1;1;1;1;1;1;1;0;0;1;0;0;0;1;1;1;1;1;1;1;0;0;1;A;A;A;A;B;B;B;B;B;B;B;A;A;A;A;A;A;A;B;B;B;B;48;36;Der Anteil hat sich halbiert.;3;1;1983;30;1;3;183;4;6;3;75;50;0;1;0;1;2;1;0;0;1;7;4;6;8;7;4;1;7;1;1;;1;1;10;10;6;161;39;9;4;202;50;74;80;36;1079
43kn3bqh;0;0;0;0;1;1;1;1;1;1;0;0;1;0;0;0;0;1;1;1;1;1;1;0;0;1;A;A;B;B;B;B;B;B;B;B;B;A;A;A;A;A;B;B;B;B;B;B;48;36;"Der Dioxinanteil ist um 0,4 ng/g Fett gesunken (bzw. 50 Prozent ;) )";2;1;1996;46;-;4;170;1;4;4;70;5;200;0;0;1;2;1;1;0;0;8;7;7;9;9;5;7;9;1;1;;0;1;10;10;4;382;36;16;4;226;131;74;111;21;702
452jq0r1;0;0;0;0;0;0;0;1;1;1;0;0;1;0;0;0;0;0;0;1;1;1;1;0;0;1;A;B;B;B;B;B;B;B;B;B;B;A;B;B;B;B;B;B;B;B;B;B;48;36;Er hat sich halbiert.;3;1;1987;1;0;4;190;5;6;3;450;250;0;1;0;1;2;1;0;0;1;5;5;5;6;6;4;7;5;1;1;;1;2;10;10;2;243;34;14;3;189;58;103;69;133;1079
4811octr;0;0;0;0;0;0;1;1;1;1;0;0;1;0;0;0;0;0;0;0;1;1;1;0;0;1;A;A;A;A;A;A;B;B;B;B;B;A;A;A;A;A;A;A;B;B;B;B;48;36;halbiert;3;1;1988;19;0;1;192;3;6;1;2800;3500;2500;0;0;1;2;1;0;0;0;5;3;4;8;8;5;3;5;1;0;;1;2;8;8;130;162;147;19;7;298;77;123;22;204;1079
4dke2ait;0;0;1;1;1;1;1;1;1;1;0;0;1;0;0;0;0;0;1;1;1;1;1;0;0;1;A;A;B;B;B;B;B;B;B;B;B;A;A;A;A;B;B;B;B;B;B;B;48;36;der Dioxinanteil hat sich halbiert;3;1;1974;30;0;3;180;5;6;3;45;5;0;1;0;0;3;1;0;0;0;4;4;6;6;6;4;3;5;1;1;;0;1;8;8;15;104;21;9;4;121;63;59;68;48;1079
4l9fqr07;0;0;0;0;1;1;1;1;1;1;0;0;1;0;0;0;0;1;1;1;1;1;1;0;0;1;A;B;B;B;B;B;B;B;B;B;B;A;A;B;B;B;B;B;B;B;B;B;48;36;Der Dioxinanteil hat sich von 1975 bis 1995 halbiert.;3;1;1981;32;0;1;191;5;5;4;0;0;0;1;1;0;2;1;0;0;0;6;6;7;5;6;5;4;6;1;0;;1;2;8;8;9;167;56;8;3;141;30;633;36;175;1079
4u84o8bq;0;0;0;0;1;1;1;1;1;1;0;0;1;0;0;0;1;1;1;1;1;1;1;0;0;1;A;A;B;B;B;B;B;B;B;B;B;A;A;A;A;A;B;B;B;B;B;B;48;32;halbiert;3;1;1983;32;0;1;183;3;6;4;1;1;2;1;0;1;2;1;0;0;1;8;6;8;8;8;7;7;8;1;1;;1;2;10;4;7;129;21;11;6;232;17;106;38;69;831
5dr15hp4;0;0;0;0;0;0;0;0;1;1;0;0;1;0;0;0;0;0;0;0;0;1;1;0;0;1;A;A;A;B;B;B;B;B;B;B;B;A;A;A;A;A;A;A;B;B;B;B;48;36;Anteil sank um 50 %;1;2;1970;38;0;3;165;3;6;3;50;15;3;1;1;1;2;1;0;0;0;2;2;1;3;1;3;2;1;1;1;;1;1;8;8;12;167;36;9;10;159;103;69;99;53;702
6dt4a7hv;0;0;0;0;0;0;1;1;1;1;0;0;1;0;0;0;0;0;1;1;1;1;1;0;0;1;A;A;B;B;B;B;B;B;B;B;B;A;A;A;A;B;B;B;B;B;B;B;48;36;Der Anteilhat sich halbiert.;3;1;1989;31;1;5;185;2;5;3;140;135;0;0;1;0;2;1;0;0;1;5;9;4;6;7;5;3;3;1;0;;0;1;9;8;4;147;3;11;8;166;69;88;72;35;1079
6nqmpe2f;0;0;0;0;0;0;0;0;1;1;0;0;1;0;0;0;0;0;0;0;0;1;1;0;0;1;A;A;A;B;B;B;B;B;B;B;B;A;A;A;A;A;A;A;B;B;B;B;48;36;halbiert;3;1;1980;31;0;3;186;2;6;1;60;130;370;1;0;0;1;1;0;0;0;5;6;5;8;5;3;5;5;1;1;;1;1;9;10;13;187;43;11;9;556;94;130;195;66;1079
7bed60rr;0;0;0;0;0;0;0;1;1;1;0;0;1;0;0;0;0;0;0;1;1;1;1;0;0;1;A;A;B;B;B;B;B;B;B;B;B;A;A;A;A;A;A;A;B;B;B;B;48;36;Der Dioxinanteil in der Muttermilch ist von 1975 bis 1995 abnehmend;3;2;1988;27;0;2;173;2;6;2;24;9;45;0;0;1;3;0;0;0;1;5;6;4;7;4;2;3;5;1;1;;1;2;8;8;3;156;1;5;4;208;41;35;30;75;1079
864asofm;0;0;0;0;0;0;1;1;1;1;0;0;1;0;0;0;0;0;0;1;1;1;1;0;0;1;A;B;B;B;B;B;B;B;B;B;B;A;B;B;B;B;B;B;B;B;B;B;48;36;verringert;3;1;1983;26;0;3;170;5;6;1;85;0;82;1;0;1;2;1;0;0;0;7;6;6;4;8;3;4;7;1;1;;0;2;8;8;5;143;14;9;4;173;19;40;34;152;1079
8md3nbhi;0;0;0;0;0;0;1;1;1;1;0;0;1;0;0;0;0;0;0;1;1;1;1;0;0;1;A;A;B;B;B;B;B;B;B;B;B;A;A;A;A;A;A;A;A;A;A;B;48;36;Der Dioxinanteil in der Muttermilch ist  um 0,4Prozentpunkte zurückgegangen ;3;1;1985;49;0;2;185;3;5;1;50;70;4000;0;0;1;1;1;1;0;0;7;7;4;4;7;7;4;3;1;1;;0;1;7;8;2;396;2;14;7;251;147;101;157;270;799
969kg3d3;0;0;0;0;0;0;0;1;1;1;0;0;1;0;0;0;0;0;0;0;0;1;1;0;0;1;A;A;A;A;A;A;A;B;B;B;B;A;A;A;A;A;A;A;A;A;A;A;48;36;Reduktion der Rückstände in 20 Jahren um 50%;2;1;1982;27;0;2;191;3;4;3;6;14;0;1;0;0;3;1;0;0;0;3;2;2;4;5;3;2;3;1;1;;0;2;8;8;24;379;32;16;4;239;40;142;45;202;702
9c8m7177;0;0;0;0;0;0;1;1;1;1;0;0;1;0;0;0;0;0;1;1;1;1;1;0;0;1;A;A;A;A;A;B;B;B;B;B;B;A;A;A;A;A;A;A;A;A;A;A;48;36;Halbiert;3;1;1990;2;0;1;180;1;6;5;5;20;0;0;1;1;2;1;1;0;1;5;6;6;7;7;3;2;6;1;1;;0;1;10;10;7;208;9;19;13;289;74;73;93;37;1079
9g76jua6;0;0;0;0;0;0;0;0;1;1;0;0;1;0;0;0;0;0;1;1;1;1;1;0;0;1;A;A;A;B;B;B;B;B;B;B;B;A;A;A;A;B;B;B;B;B;B;B;48;36;Er hat sich halbiert ;1;1;1970;33;1;3;186;3;5;5;35;15;0;1;0;1;2;1;0;0;0;4;5;6;6;5;5;6;5;1;1;;1;1;7;7;13;218;48;21;4;234;139;80;88;23;702
9hg662f0;0;0;0;0;0;0;0;0;1;1;0;0;1;0;0;0;0;0;0;0;0;1;1;0;0;1;A;B;B;B;B;B;B;B;B;B;B;A;A;B;B;B;B;B;B;B;B;B;48;36;absoluter Anteil Dioxin / g Fett  => Rückgang  um 50% von 1975 bis 1995 zur;3;1;1983;21;0;0;174;2;6;5;16;0;0;1;0;1;2;1;0;0;0;3;5;3;2;4;3;6;5;1;1;;0;2;10;10;130;385;1;8;3;155;75;111;18;59;1079
9itjchbj;0;0;0;0;0;1;1;1;1;1;0;0;1;0;0;1;1;1;1;1;1;1;1;0;0;1;A;A;A;A;B;B;B;B;B;B;B;A;A;A;A;B;B;B;B;B;A;A;48;28;Der Dioxinanteil ist um die hälfte gesunken.;1;1;1990;37;0;6;180;2;5;4;3;5;10;0;0;0;3;0;0;0;0;4;3;2;5;2;2;2;2;1;1;;1;1;7;6;1287;614;72;24;34;813;132;479;166;68;454
9v8b5lk0;0;0;0;0;0;1;1;1;1;1;0;0;1;0;0;0;0;0;1;1;1;1;1;0;0;1;A;B;B;B;B;B;B;B;B;B;B;A;B;B;B;B;B;B;B;B;B;B;48;36;halbiert;3;1;1981;29;0;1;173;2;7;3;156;0;0;0;0;0;2;1;0;0;0;4;2;3;5;5;2;1;4;1;1;;1;1;10;10;4;109;24;11;4;111;44;36;84;38;1079
a07fpuus;0;0;0;0;0;0;0;1;1;1;0;0;1;0;0;0;0;0;0;0;0;1;1;0;0;1;A;A;B;B;B;B;B;B;B;B;B;A;A;A;A;A;B;B;B;B;B;B;48;36;Der Dioxinanteil ist von 0,8 (...) auf  0,4( ...) linear gesunken ;3;1;1982;52;0;4;190;5;6;3;135;90;0;0;0;1;3;1;0;0;1;3;6;1;1;4;4;6;7;0;1;;0;1;10;10;13;393;5;21;7;343;101;104;159;57;1079
acigvnpl;0;0;0;0;0;0;0;1;1;1;0;0;1;0;0;0;0;0;0;0;0;1;1;0;0;1;A;A;B;B;B;B;B;B;B;B;B;A;A;A;A;A;B;B;B;B;B;B;48;36;um 0,4nanogramm/gramm fett gesunken;3;1;1984;38;0;1;185;4;6;3;800;170;0;1;1;1;2;1;0;0;1;3;2;3;4;3;1;6;4;1;1;;0;1;8;8;33;132;11;6;5;107;49;39;56;31;1079
ap2lifs1;0;0;0;1;1;1;1;1;1;1;0;0;1;0;0;0;0;1;1;1;1;1;1;0;0;1;A;A;A;A;B;B;B;B;B;B;B;A;A;A;A;A;A;A;B;B;B;B;48;38;Der Anteil hat sich halbiert.;2;1;1991;48;0;2;189;3;4;4;100;10;0;1;0;1;3;1;0;0;1;6;7;7;4;3;2;7;6;1;1;;0;2;8;4;27;170;25;12;7;155;40;89;37;58;454
aplhh2s1;0;0;0;1;1;1;1;1;1;1;0;0;1;0;0;0;0;1;1;1;1;1;1;0;0;1;A;B;B;B;B;B;B;B;B;B;B;A;A;B;B;B;B;B;B;B;B;B;0;36;halbiert bzw um 50 % gesunken;3;1;1968;34;3;5;188;4;6;1;35;150;160;0;0;1;1;1;0;0;0;7;3;5;2;4;5;2;7;1;1;;1;2;10;10;2;339;5;11;5;252;99;223;36;168;905
b39lnjsh;0;0;0;0;0;0;0;0;1;1;0;0;1;0;0;0;0;0;0;0;0;0;1;0;0;1;A;A;A;B;B;B;B;B;B;B;B;A;A;A;A;A;B;B;B;B;B;B;48;36;Gehalt je Gramm Fett hat sich halbiert;3;1;1985;29;0;4;185;2;6;4;150;40;70;1;0;1;2;0;0;0;1;3;2;1;7;4;5;6;2;0;1;;0;2;9;9;31;231;23;8;4;176;36;70;44;160;1079
b6kfc67h;0;0;0;0;1;1;1;1;1;1;0;0;1;0;0;0;0;1;1;1;1;1;1;0;0;1;A;B;B;B;B;B;B;B;B;B;B;A;A;B;B;B;B;B;B;B;B;B;48;36;halbiert;3;1;1971;34;0;1;206;4;6;3;99;0;0;1;0;0;3;1;0;0;1;0;0;0;0;0;0;0;0;1;0;;1;2;10;10;8;153;42;15;6;167;59;248;57;141;1079
bbc7tg9q;0;0;0;0;0;0;0;0;0;1;0;0;1;0;0;0;0;0;0;0;0;1;1;0;0;1;A;A;A;B;B;B;B;B;B;B;B;A;A;A;A;A;A;A;A;B;B;B;96;36;Der Dioxinanteil in der Muttermilch hat sich halbiert;2;1;1987;67;0;4;187;4;4;3;20;380;0;1;0;1;3;1;0;0;0;5;4;5;1;6;5;7;5;1;1;;0;1;7;10;2;175;15;12;7;185;141;68;73;39;528
bejibdi8;0;0;0;1;1;1;1;1;1;1;0;0;1;0;0;0;1;1;1;1;1;1;1;0;0;1;A;A;A;A;A;A;A;A;A;A;A;A;A;A;A;A;A;A;A;A;A;A;48;36;halbiert;3;1;1986;88;0;2;184;1;5;2;46;6;110;0;0;0;2;1;0;0;0;6;5;2;8;7;2;8;5;1;1;;0;2;10;10;17;140;20;13;5;195;46;102;43;70;1079
bg33h7an;0;0;0;0;0;0;1;1;1;1;0;0;1;0;0;0;0;0;0;0;1;1;1;0;0;1;A;A;A;A;B;B;B;B;B;B;B;A;A;A;A;A;A;A;A;B;B;B;48;36;Der Dioxin sank innerhalb von zwanzig Jahren um die Hälfte.;3;1;1978;95;1;5;180;2;5;2;36;20;70;1;0;0;3;1;0;0;0;3;4;1;7;2;8;8;7;1;1;;1;1;4;8;10;258;22;10;12;199;99;103;77;48;1079
bicnlire;0;0;0;0;1;1;1;1;1;1;0;0;1;0;0;0;0;0;1;1;1;1;1;0;0;1;A;B;B;B;B;B;B;B;B;B;B;A;A;A;B;B;B;B;B;B;B;B;48;36;Halbiert;3;1;1963;38;0;2;190;4;5;3;52;78;0;1;0;1;2;1;0;0;0;5;7;2;6;2;5;3;2;1;1;;1;1;10;10;29;357;146;15;17;498;165;254;175;190;1079
bqlaofql;0;0;0;0;0;0;0;1;1;1;0;0;1;0;0;0;0;0;0;1;1;1;1;0;0;1;A;A;A;A;A;A;B;B;B;B;B;A;A;A;A;A;A;A;B;B;B;B;48;36;er hat sich halbiert;2;1;1958;73;1;2;188;5;8;3;10;14;6;0;0;0;3;0;0;0;1;4;3;2;3;2;4;2;1;1;1;;1;1;10;10;16;247;83;28;6;268;326;108;158;93;702
btms17cs;0;0;0;0;0;1;1;1;1;1;0;0;1;0;0;0;0;0;0;1;1;1;1;0;0;1;A;A;A;A;A;A;B;B;B;B;B;A;A;A;A;A;A;A;A;A;A;A;48;36;halbiert;3;1;1969;35;3;7;182;5;8;4;96;40;1.2;1;0;0;3;1;0;0;1;3;4;3;3;4;4;3;3;1;0;;1;1;4;4;5;397;35;13;8;215;167;48;155;26;1079
cfficbar;0;0;0;0;1;1;1;1;1;1;0;0;1;0;0;0;0;1;1;1;1;1;1;0;0;1;A;A;A;B;B;B;B;B;B;B;B;A;A;A;B;B;B;B;B;B;B;B;48;36;um 50 %  gleichmäßig konstant gesunken;1;1;1964;31;3;4;182;2;4;3;16;25;0;0;0;1;1;1;0;0;1;10;0;10;8;10;4;0;10;1;1;;1;2;9;1;3;183;37;18;7;236;183;374;36;102;702
cobfoh4q;0;0;0;0;0;0;1;1;1;1;0;0;1;0;0;0;0;0;0;1;1;1;1;0;0;1;A;B;B;B;B;B;B;B;B;B;B;A;B;B;B;B;B;B;B;B;B;B;48;36;Der Dioxingehalt untersuchten Muttermilch hat sich halbiert.;1;2;1988;19;0;2;175;2;6;4;20;265;0;0;0;1;3;1;1;1;1;4;7;1;4;6;6;5;1;1;1;;1;1;9;8;6;303;25;17;6;172;112;84;203;37;702
cr467ns5;0;0;0;0;0;0;0;1;1;1;0;0;1;0;0;0;0;0;0;0;1;1;1;0;0;1;A;B;B;B;B;B;B;B;B;B;B;A;A;A;B;B;B;B;B;B;B;B;48;36;Der Dioxinanteil hat sich halbiert;1;1;1988;34;0;1;185;2;2;2;145;280;0;1;0;1;2;1;1;0;1;6;8;5;7;5;5;4;6;1;1;;0;2;10;10;13;227;12;9;3;1817;28;77;26;55;702
cv7b894m;0;0;0;0;1;1;1;1;1;1;0;0;1;0;0;0;0;1;1;1;1;1;1;0;0;1;A;B;B;B;B;B;B;B;B;B;B;A;A;B;B;B;B;B;B;B;B;B;48;36;Dioxinanteil hat sich halbiert;3;1;1986;91;0;6;186;2;6;4;20;60;90;1;0;1;2;1;0;0;1;3;5;3;7;4;2;6;3;0;1;;1;2;6;6;8;178;38;17;13;210;29;366;59;158;1079
de9kipss;0;0;0;1;1;1;1;1;1;1;0;0;1;0;0;0;1;1;1;1;1;1;1;0;0;1;A;A;B;B;B;B;B;B;B;B;B;A;A;A;A;B;B;B;B;B;B;B;48;36;der Dioxingehalt ist halbiert;3;1;1966;39;2;4;180;5;6;3;100;100;0;1;0;1;2;1;0;0;1;7;6;3;7;7;6;3;4;1;1;;0;1;6;5;4;284;17;58;16;650;245;177;198;72;1079
dhv912me;0;0;0;0;1;1;1;1;1;1;0;0;1;0;0;0;0;1;1;1;1;1;1;0;0;1;A;A;A;A;A;A;A;A;B;B;B;A;A;A;A;A;A;A;A;A;A;A;48;36;Der Dioxinanteil in Muttermilch ist seit 1975 um 40 Prozent gefallen.;2;1;1988;30;0;2;177;1;6;3;1200;400;0;0;0;1;3;0;1;0;0;6;3;6;8;7;5;2;8;1;1;;1;2;10;10;18;232;47;91;9;278;130;11822;473;2494;702
e5ummjm0;0;0;0;1;1;1;1;1;1;1;0;0;1;0;0;0;0;1;1;1;1;1;1;0;0;1;A;A;A;B;B;B;B;B;B;B;B;A;A;A;A;A;A;A;A;A;A;A;48;40;er hat sich halbiert;2;1;1964;37;2;3;180;2;5;4;25;90;180;1;0;1;2;1;0;0;0;7;5;6;3;6;2;3;7;1;1;;0;1;10;10;16;251;23;21;8;233;129;83;100;101;454
ebu5t0cg;0;0;0;0;0;0;1;1;1;1;0;0;1;0;0;0;0;0;0;1;1;1;1;0;0;1;A;A;B;B;B;B;B;B;B;B;B;A;A;A;A;A;A;A;B;B;B;B;48;36;Er hat sich halbiert;3;1;1989;29;0;5;190;1;3;4;105;335;0.5;0;1;0;3;1;0;0;1;3;3;2;5;3;6;5;2;1;1;;1;2;10;10;10;177;33;12;5;164;36;60;48;100;1079
emstilh1;0;0;0;0;0;0;1;1;1;1;0;0;1;0;0;0;0;0;0;0;1;1;1;0;0;1;A;B;B;B;B;B;B;B;B;B;B;A;A;A;A;A;A;A;B;B;B;B;48;36;Der Dioxinanteil in Muttermilch hat sich im untersuchten Zeitraum halbiert;3;1;1990;91;0;7;188;2;6;4;50;10;250;0;0;0;4;1;0;0;1;5;6;4;8;5;10;10;3;0;1;;1;1;8;8;9;316;72;20;9;222;102;124;240;80;1079
errf4ei4;0;0;0;0;0;0;0;1;1;1;0;0;1;1;1;1;1;1;1;1;1;1;1;0;0;0;A;B;B;B;B;B;B;B;B;B;B;A;A;B;B;B;B;B;B;B;B;B;48;36;50% weniger;1;1;1959;34;3;5;188;4;2;1;50;75;350;1;0;1;2;0;0;0;1;3;4;3;5;5;2;3;3;0;0;;1;2;7;4;16;816;53;37;17;482;195;244;107;176;702
etjn1uab;0;0;0;0;0;0;1;1;1;1;0;0;1;0;0;0;0;0;1;1;1;1;1;0;0;1;A;A;A;A;A;A;B;B;B;B;B;A;A;A;A;A;A;A;A;A;A;A;48;36;der Dioxingehalt hat sich halbiert;3;1;1979;29;3;5;190;2;6;3;20;1;0;0;0;0;2;0;0;0;0;2;2;0;2;1;1;0;4;1;1;;1;1;9;8;11;303;41;11;6;202;97;130;134;17;1079
ev5bfo98;0;0;0;0;1;1;1;1;1;1;0;0;1;0;0;0;0;0;1;1;1;1;1;0;0;1;A;A;A;B;B;B;B;B;B;B;B;A;A;A;A;B;B;B;B;B;B;B;48;36;Er ist alle 10 Jahre um 0,2 nanogramm gesunken;3;1;1993;59;0;5;195;1;3;2;110;20;0;1;1;0;2;1;0;0;1;9;10;10;5;9;3;3;10;1;1;;0;2;10;10;14;171;9;16;7;254;18;38;16;3286;1079
f42ipumf;0;0;0;0;1;1;1;1;1;1;0;0;1;0;0;0;0;0;0;1;1;1;1;0;0;1;A;B;B;B;B;B;B;B;B;B;B;A;B;B;B;B;B;B;B;B;B;B;48;36;-50%;3;1;1990;38;0;2;178;1;3;3;100;215;0;1;0;0;3;1;1;0;1;4;2;1;5;4;3;7;2;1;1;;1;1;9;9;10;221;180;24;9;246;74;133;198;72;1079
f6eb21ng;0;0;0;0;0;0;0;0;1;1;0;0;1;0;0;0;0;0;0;0;1;1;1;0;0;1;A;B;B;B;B;B;B;B;B;B;B;A;A;B;B;B;B;B;B;B;B;B;48;36;halbiert;1;1;1977;38;2;4;193;3;6;3;600;300;0;0;0;0;2;1;0;0;0;6;8;5;2;7;2;3;8;0;0;;0;2;10;10;31;157;15;8;4;251;34;85;17;199;702
fc2mt8mp;0;0;0;0;1;1;1;1;1;1;0;0;1;0;0;0;1;1;1;1;1;1;1;0;0;1;A;B;B;B;B;B;B;B;B;B;B;A;A;A;B;B;B;B;B;B;B;B;48;36D;Der Anteil hat sich halbiert.;3;1;1960;34;2;3;178;2;4;3;7;2;0;0;0;1;3;1;1;0;0;7;2;2;8;8;4;2;9;1;1;;1;2;9;9;8;198;50;13;6;203;71;121;57;208;1079
g3civj72;0;0;0;0;0;0;0;1;1;1;0;0;1;0;0;0;0;1;1;1;1;1;1;0;0;1;A;A;A;A;A;A;B;B;B;B;B;A;A;A;A;A;A;B;B;B;B;B;48;36;Der Dioxinanteil hat sich mehr wie halbiert ;1;1;1968;34;1;5;180;2;5;3;30;25;0;1;0;1;3;1;0;0;0;4;5;3;5;4;6;6;5;1;1;;0;2;7;6;3;80;1;6;3;129;22;20;10;18;422
g46u8lld;0;0;0;0;1;1;1;1;1;1;0;0;1;0;0;0;0;1;1;1;1;1;1;0;0;1;A;A;B;B;B;B;B;B;B;B;B;A;A;A;A;A;B;B;B;B;B;B;48;36;halbiert;3;1;1962;49;3;5;183;3;6;1;40;60;1200;1;0;1;2;0;0;0;1;6;7;4;7;7;6;6;7;1;1;;0;2;9;10;73;229;38;15;14;314;83;175;60;98;1079
g80c40fn;0;0;0;0;0;1;1;1;1;1;0;0;1;0;0;0;0;0;1;1;1;1;1;0;0;1;A;A;B;B;B;B;B;B;B;B;B;A;A;A;A;B;B;B;B;B;B;B;48;36;Hat sich halbiert;2;2;1963;41;3;2;168;2;5;1;30;30;90;0;0;1;3;1;0;0;1;4;8;3;3;4;8;8;4;1;1;;0;1;8;8;36;169;20;13;4;191;110;72;80;39;702
ge5sr9nt;0;0;0;1;1;1;1;1;1;1;0;0;1;0;0;0;1;1;1;1;1;1;1;0;0;1;A;A;B;B;B;B;B;B;B;B;B;A;A;A;B;B;B;B;B;B;B;B;48;36;hat sich halbiert bzw. ist um 50% gesunken.;3;1;1990;18;0;4;181;1;6;3;500;500;0;0;0;1;2;1;0;0;0;7;7;7;5;6;4;7;6;1;1;;1;2;10;10;25;267;18;13;4;190;36;53;35;95;1079
ghih1n42;0;0;0;0;0;0;0;0;0;1;0;0;1;0;0;0;0;0;0;0;0;0;1;0;0;1;A;B;B;B;B;B;B;B;B;B;B;A;B;B;B;B;B;B;B;B;B;B;48;36;Er hat sich halbiert;3;1;1979;24;1;3;198;5;6;3;1000;200;0;1;0;1;2;1;0;0;0;2;5;3;6;3;3;3;3;1;1;;1;1;10;10;2;246;45;21;6;215;126;112;124;67;1079
gkgsq1mk;0;0;0;1;1;1;1;1;1;1;0;0;1;0;0;1;1;1;1;1;1;1;1;0;0;1;A;B;B;B;B;B;B;B;B;B;B;A;A;A;B;B;B;B;B;B;B;B;48;36;Der dioxinanteil ist um 50% gesunken;2;1;1963;37;2;4;170;2;2;3;30;33;0;1;0;0;3;0;0;0;1;5;2;5;4;3;3;3;4;1;1;;0;2;10;10;7;275;38;18;9;370;46;158;68;108;702
gsl7uhgo;0;0;0;1;1;1;1;1;1;1;0;0;1;0;0;0;0;0;1;1;1;1;1;0;0;1;A;A;A;A;A;B;B;B;B;B;B;A;A;A;A;A;A;B;B;B;B;B;48;36;halbiert ;3;1;1967;28;0;3;167;3;5;3;13;15;0;1;1;0;1;1;1;0;0;5;7;5;2;7;9;5;5;1;1;;0;1;10;9;23;199;11;13;3;177;84;57;60;41;1079
h102fmeh;0;0;0;0;0;0;1;1;1;1;0;0;1;0;0;0;0;0;0;0;1;1;1;0;0;1;A;A;B;B;B;B;B;B;B;B;B;A;A;A;A;A;B;B;B;B;B;B;48;36;Der Dioxianteil in der Milch hat sich halbiert;3;1;1987;84;0;5;190;2;6;1;42;13;80;1;0;0;2;1;0;0;0;4;3;5;4;3;2;3;5;1;1;;1;2;8;9;2;280;16;6;7;372;50;51;48;113;1079
hl8fjsg3;0;0;0;1;1;1;1;1;1;1;0;0;1;0;0;0;1;1;1;1;1;1;1;0;0;1;A;A;B;B;B;B;B;B;B;B;B;A;A;A;A;A;B;B;B;B;B;B;48;36;halbiert;4;1;1977;27;2;4;178;3;6;3;65;100;0;1;0;1;2;1;0;0;0;7;5;6;4;6;4;5;6;1;1;;0;2;8;6;137;170;1;13;7;143;37;125;80;67;702
hlii67o1;0;0;0;0;0;0;0;1;1;1;0;0;1;0;0;0;0;0;0;0;0;1;1;0;0;1;A;B;B;B;B;B;B;B;B;B;B;A;A;A;A;A;A;A;B;B;B;B;48;36;Der Dioxinanteil hat sich  konstant verringert.;2;2;1960;21;2;3;168;5;4;2;76;30;100;0;0;0;3;0;0;0;1;4;2;1;2;3;1;1;1;1;1;;1;2;10;8;5;151;19;13;8;190;72;134;49;151;702
hsdmcue4;0;0;0;0;0;0;0;0;1;1;0;0;1;0;0;0;0;0;0;0;0;1;1;0;0;1;A;A;B;B;B;B;B;B;B;B;B;A;A;A;A;A;B;B;B;B;B;B;48;36;er ist um 50 % gesunken.;3;1;1974;34;3;7;188;5;6;4;90;150;740;0;1;0;3;1;0;0;1;3;3;3;4;3;0;1;3;1;1;;0;2;7;7;16;214;35;8;6;192;40;108;32;65;1079
i50jd6fm;0;0;0;0;0;0;1;1;1;1;0;0;1;0;0;0;0;0;0;0;0;1;1;0;0;1;A;A;A;A;B;B;B;B;B;B;B;A;A;A;A;A;A;A;B;B;B;B;48;36;Der Dioxinanteil hat sich halbiert.;3;1;1982;37;0;4;176;3;6;4;45;52;260;1;0;1;2;1;0;0;1;6;5;6;6;5;3;6;5;1;1;;0;2;8;3;14;348;10;14;8;236;45;123;33;48;1079
i58c42rt;0;0;0;0;0;0;0;1;1;1;0;0;1;0;0;0;0;0;0;1;1;1;1;0;0;1;A;B;B;B;B;B;B;B;B;B;B;A;A;A;B;B;B;B;B;B;B;B;48;36;er hat sich halbiert;3;1;1989;34;0;6;192;2;5;2;35;40;130;0;0;0;1;0;0;0;1;4;7;2;8;5;3;6;4;1;1;;0;2;10;8;18;189;29;21;13;265;61;120;50;82;1079
i7bo88ip;0;0;0;1;1;1;1;1;1;1;0;0;1;0;0;0;1;1;1;1;1;1;1;0;0;1;A;A;A;A;A;B;B;B;B;B;B;A;A;A;A;A;A;A;A;A;A;A;48;36;Der Dioxingehalt in der Muttermilch sinkt in den letzten 20 Jahren.;3;1;1981;34;0;4;180;3;6;4;100;350;0.8;0;0;0;2;1;0;0;1;5;4;4;6;6;7;6;6;1;1;;1;1;7;6;6;255;48;16;4;192;65;85;107;28;1079
itfatbva;0;0;0;0;1;1;1;1;1;1;0;0;1;0;0;0;0;1;1;1;1;1;1;0;0;1;A;A;B;B;B;B;B;B;B;B;B;A;A;A;A;B;B;B;B;B;B;B;48;36;Lineare Abnahme mit der Steigung -0,2;3;1;1986;26;0;4;185;5;6;2;35;53;140;0;0;0;2;1;0;0;0;5;6;4;6;8;5;4;7;1;1;;1;2;10;10;8;531;51;21;19;335;187;501;105;245;1079
ivjb68nr;0;0;0;0;0;0;1;1;1;1;0;0;1;0;0;0;0;0;0;0;1;1;1;0;0;1;A;B;B;B;B;B;B;B;B;B;B;A;A;B;B;B;B;B;B;B;B;B;48;35;Der Dioxinanteil ist sukzessive gesunken.;3;1;1990;38;0;2;195;1;6;3;120;50;2;1;1;1;1;1;0;0;1;3;2;1;8;5;8;8;8;1;1;;0;1;10;10;9;179;34;9;5;193;38;40;62;26;831
j8oklj9n;0;0;0;0;0;0;0;0;1;1;0;0;1;0;0;0;0;0;0;0;1;1;1;0;0;1;A;A;A;A;A;A;B;B;B;B;B;A;A;A;A;A;A;A;B;B;B;B;48;36;er hat sich halbiert, und zwar über den Zeitraum linear;3;1;1978;27;0;3;193;3;6;4;100;5;150;1;0;1;2;1;1;0;0;3;7;4;7;5;5;5;5;1;1;;0;1;10;10;8;105;2;4;3;207;47;40;47;29;1079
jqfh9a6g;0;0;0;0;0;1;1;1;1;1;0;0;1;0;0;0;0;0;0;1;1;1;1;0;0;1;A;B;B;B;B;B;B;B;B;B;B;A;A;A;B;B;B;B;B;B;B;B;48;-36;-50%;3;1;1936;37;6;2;170;5;7;5;65;0;0;1;0;1;3;0;0;0;0;4;3;6;2;4;2;6;4;1;1;;0;2;7;8;4;187;4;10;9;254;37;120;48;85;831
jrhq8d8e;0;0;0;0;1;1;1;1;1;1;0;0;1;0;0;0;0;1;1;1;1;1;1;0;0;1;A;B;B;B;B;B;B;B;B;B;B;A;A;A;A;A;B;B;B;B;B;B;48;36;Er hat sich pro zehn Jahre linear um 0,2 ng pro Gramm Fett reduziert. ;3;1;1985;31;1;3;190;3;6;4;50;200;400;1;0;0;1;1;0;0;1;6;7;3;5;4;6;7;6;1;1;;1;2;8;7;3;305;27;12;9;242;168;213;57;252;1079
jrihra7m;0;0;0;0;0;0;0;0;1;1;0;0;1;0;0;0;0;0;0;0;0;1;1;0;0;1;A;A;B;B;B;B;B;B;B;B;B;A;A;A;A;B;B;B;B;B;B;B;48;36;er hat sich halbiert ;3;1;1978;59;2;4;193;4;6;3;2900;1000;0;1;0;1;2;1;0;0;0;8;5;6;6;7;6;7;7;1;1;;0;2;7;6;3;267;3;12;9;190;33;54;27;47;1079
ksai7b11;0;0;0;0;0;0;0;1;1;1;0;0;1;0;0;0;0;0;0;0;1;1;1;0;0;1;A;A;B;B;B;B;B;B;B;B;B;A;A;A;A;B;B;B;B;B;B;B;48;36;halbiert;1;1;1980;48;1;3;186;3;6;1;30;7;60;0;0;0;1;0;0;0;0;3;4;4;4;4;4;4;4;1;1;;0;2;2;2;3;114;7;10;4;117;21;60;17;170;702
lakrsr4b;0;0;0;0;0;0;0;1;1;1;0;0;1;0;0;0;0;0;0;0;0;1;1;0;0;1;A;A;A;A;A;A;A;A;A;A;A;A;A;A;A;A;A;A;A;A;A;A;48;36;Der Dioxinanteil in Muttermilch hat von 1975 zu 1995 um 0,4 Nanogramm je Gramm Fett abgenommen.;1;1;1993;34;0;4;177;1;3;3;18;38;0;1;0;1;3;1;0;0;1;7;6;7;7;1;1;1;3;1;1;;1;1;5;5;5;277;21;14;9;159;150;85;94;31;702
latbn8ri;0;0;0;0;0;1;1;1;1;1;0;0;1;0;0;0;0;0;0;1;1;1;1;0;0;1;A;A;B;B;B;B;B;B;B;B;B;A;A;A;B;B;B;B;B;B;B;B;48;36;Der Dioxinanteil hat sich in der Zeit halbiert. ;2;1;1981;37;0;2;190;5;5;4;100;67;0.8;1;0;0;2;1;0;0;0;2;8;3;5;5;4;3;5;1;1;;0;2;10;9;86;553;75;17;7;521;43;235;40;109;702
ln3in9fj;0;0;0;0;0;1;1;1;1;1;0;0;1;0;0;0;0;0;1;1;1;1;1;0;0;1;A;A;A;A;A;A;A;A;A;A;A;A;A;A;A;A;A;A;A;A;A;A;48;36;Er hat sich halbiert;3;1;1990;31;0;1;196;2;6;4;51;44;6;1;0;0;2;1;0;0;1;6;7;5;0;10;10;3;6;1;1;;1;1;10;10;10;119;7;8;18;168;25;42;103;29;1079
lt2jtji4;0;0;0;0;0;1;1;1;1;1;0;0;1;0;0;0;0;0;0;1;1;1;1;0;0;1;A;A;A;B;B;B;B;B;B;B;B;A;A;A;A;A;A;A;A;B;B;B;48;36;Innerhalb 20 Jahren ist der Dioxinanteil um die Hälfte gesunken.;1;1;1992;34;0;2;187;1;4;1;30;16;70;1;1;0;2;1;0;0;0;3;7;3;8;5;6;6;4;1;1;;0;1;10;10;4;204;14;6;5;176;65;83;55;29;702
m04lapv2;0;0;0;0;1;1;1;1;1;1;0;0;1;0;0;0;0;0;1;1;1;1;1;0;0;1;A;A;B;B;B;B;B;B;B;B;B;A;A;A;A;B;B;B;B;B;B;B;48;36;Der Dioxinanteil hat sich halbiert;3;1;1980;37;0;2;181;2;6;3;69;14;16.5;0;0;0;2;1;0;0;1;5;7;3;7;4;7;4;3;1;1;;1;1;8;7;18;523;57;17;5;187;79;115;101;56;1079
m0gue846;0;0;0;0;0;0;0;1;1;1;0;0;1;0;0;0;0;0;0;0;1;1;1;0;0;1;A;B;B;B;B;B;B;B;B;B;B;A;A;A;A;B;B;B;B;B;B;B;48;36;stetig gesunken;3;1;1988;17;0;3;171;1;6;4;15;0;10;0;0;1;2;0;0;0;0;2;2;0;8;5;2;7;2;1;1;;0;1;8;5;4;101;11;8;5;156;40;54;44;28;1079
m5co4e01;0;0;0;0;1;1;1;1;1;1;0;0;1;0;0;0;0;1;1;1;1;1;1;0;0;1;A;B;B;B;B;B;B;B;B;B;B;A;B;B;B;B;B;B;B;B;B;B;48;36;der Dioxinanteil ist um 50% zurückgegangen;3;1;1985;8;0;2;189;2;6;4;20;55;120;1;0;1;2;1;0;0;0;6;5;7;6;3;4;7;5;1;1;;1;2;10;9;17;189;61;13;5;174;40;336;46;311;1079
mlnpdrgg;0;0;0;0;0;1;1;1;1;1;0;0;1;0;0;0;0;0;1;1;1;1;1;0;0;1;A;A;B;B;B;B;B;B;B;B;B;A;A;A;B;B;B;B;B;B;B;B;48;36;Der Dioxingehalt hat sich halbiert;3;1;1953;37;3;2;171;2;5;4;84;160;45;1;0;1;2;1;0;0;1;5;1;2;1;3;2;1;2;1;1;;0;2;9;8;12;264;13;24;9;301;75;169;165;138;1079
mpe98ji0;0;0;0;0;1;1;1;1;1;1;0;0;1;0;0;0;0;1;1;1;1;1;1;0;0;1;A;A;B;B;B;B;B;B;B;B;B;A;A;A;A;A;A;B;B;B;B;B;48;36;proportional alle 10 Jahre um den Faktor 0,2nm/g Fett gesunken ;3;1;1994;17;0;0;194;1;3;4;800;800;180;0;0;1;3;0;0;0;1;8;5;5;6;8;3;5;7;1;1;;1;2;10;8;147;188;5;10;4;289;102;220;36;177;1079
n6gfuhu6;0;0;0;0;0;0;1;1;1;1;0;0;1;0;0;0;0;0;1;1;1;1;1;0;0;1;A;A;A;B;B;B;B;B;B;B;B;A;A;A;A;B;B;B;B;B;B;B;48;36;hat sich halbiert;2;1;1962;99;0;2;192;3;6;4;550;1800;0.25;1;0;0;1;1;0;0;0;3;3;1;3;0;4;1;1;1;1;;0;2;10;5;7;243;21;22;15;332;107;154;52;103;702
n9ei4dls;0;0;0;0;1;1;1;1;1;1;0;0;1;0;0;0;0;0;1;1;1;1;1;0;0;1;A;A;A;A;A;B;B;B;B;B;B;A;A;A;A;A;B;B;B;B;B;B;48;36;Er sinkt alle 10 Jahre um 0,2 nanogramm;3;2;1991;34;0;4;176;1;3;4;80;0;120;0;0;0;3;0;0;0;0;6;6;1;4;4;0;6;6;1;1;;0;1;10;5;3;89;11;8;10;161;22;19;39;17;1079
ne3gfrrh;0;0;0;1;1;1;1;1;1;1;0;0;1;0;0;0;0;0;1;1;1;1;1;0;0;1;A;B;B;B;B;B;B;B;B;B;B;A;A;A;A;B;B;B;B;B;B;B;48;36;Dioxinanteil hat sich halbiert;3;1;1955;31;2;2;184;3;6;3;120;60;0;1;0;1;3;1;0;0;1;3;1;1;7;3;4;0;2;1;1;;0;2;10;5;12;302;24;27;22;236;53;217;58;113;1079
nh9g83j7;0;0;0;0;0;1;1;1;1;1;0;0;1;0;0;0;0;0;0;0;1;1;1;0;0;1;A;A;A;A;A;B;B;B;B;B;B;A;A;A;A;A;B;B;B;B;B;B;48;36;in 20 Jahren halbiert;1;1;1968;31;0;2;183;2;8;3;27;18;0;1;1;0;3;1;0;0;1;8;2;2;4;2;2;2;6;0;0;;1;2;9;9;27;416;8;26;5;277;36;349;62;241;702
nl1pn7th;0;0;0;0;0;0;1;1;1;1;0;0;1;0;0;0;0;0;0;1;1;1;1;0;0;1;A;A;A;A;A;A;A;A;A;A;A;A;A;A;A;A;A;A;A;A;A;A;24;36;Der Dioxinanteil in Muttermilch ist kontinuierlich gesunken;3;2;1989;24;0;4;165;2;6;3;320;30;0;0;0;1;3;0;0;0;1;4;3;7;2;3;7;2;2;1;1;;1;1;9;9;4;346;22;8;5;118;50;124;92;19;905
nlo9heqc;0;0;0;0;0;0;1;1;1;1;0;0;1;0;0;0;0;0;0;0;0;1;1;0;0;1;A;A;B;B;B;B;B;B;B;B;B;A;A;A;B;B;B;B;B;B;B;B;48;36;Er hat sich pr gramm fett, dass in der Milch enthalten ist halbiert;3;1;1983;49;0;5;183;4;5;1;50;10;4;1;1;0;1;0;0;0;1;3;2;5;0;2;3;6;7;1;1;;0;1;8;8;13;204;14;10;4;146;69;51;71;24;1079
oa1eaf69;0;0;0;0;0;0;1;1;1;1;0;0;1;0;0;0;0;0;0;0;0;1;1;0;0;1;A;A;A;A;A;A;A;A;A;B;B;A;A;A;A;A;A;A;A;A;A;A;48;36;er hat sich in den 20 Jahren halbiert;3;1;1958;36;2;2;180;4;6;3;200;90;0;0;0;1;2;1;0;0;0;6;4;0;5;6;7;7;6;1;0;;0;1;10;10;6;302;7;16;6;495;339;99;91;55;1079
oe2in60e;0;0;0;0;0;0;0;0;1;1;0;0;1;0;0;0;0;0;0;1;1;1;1;0;0;1;A;B;B;B;B;B;B;B;B;B;B;A;A;A;A;A;A;A;A;A;A;A;48;36;diexinanteil hat sich linear halbiert;2;1;1988;38;0;0;195;5;6;5;250;400;0;1;0;0;2;1;0;0;0;2;7;2;3;1;0;3;5;1;1;;0;1;10;10;11;208;11;12;6;137;38;36;56;37;702
onp8qecu;0;0;0;0;0;1;1;1;1;1;0;0;1;0;0;0;0;0;0;0;1;1;1;0;0;1;A;A;A;A;B;B;B;B;B;B;B;A;A;A;A;A;A;A;B;B;B;B;48;38;Abnahme um 25% in zehn Jahren, um 50% in 20 Jahren;3;1;1955;38;1;3;184;4;7;3;80;80;0;1;0;1;2;1;0;0;1;7;8;7;5;6;0;3;6;1;1;;0;1;10;10;6;460;4;11;7;240;179;122;112;104;831
p0ic4j22;0;0;0;1;1;1;1;1;1;1;0;0;1;0;0;0;0;1;1;1;1;1;1;0;0;1;A;A;A;A;B;B;B;B;B;B;B;A;A;A;A;B;B;B;B;B;B;B;48;36;Der Anteil ist über die Jahre gleichmäßig gesunken.;4;1;1989;33;0;5;186;1;5;4;50;50;250;0;0;1;2;1;0;0;0;6;3;2;4;5;1;2;4;1;1;;1;2;10;8;7;392;11;41;12;429;84;281;61;229;702
padn276d;0;0;0;0;0;1;1;1;1;1;0;0;1;0;0;0;1;1;1;1;1;1;1;0;0;1;A;B;B;B;B;B;B;B;B;B;B;A;A;A;B;B;B;B;B;B;B;B;48;36;halbiert;2;1;1963;26;-;3;182;4;5;2;52;32;95;1;0;0;4;0;0;0;0;6;2;6;2;3;6;5;4;1;1;;1;2;8;5;22;238;63;29;12;316;113;329;122;299;702
pfhg36r8;0;0;0;0;0;0;1;1;1;1;0;0;1;0;0;0;0;0;0;1;1;1;1;0;0;1;A;A;A;B;B;B;B;B;B;B;B;A;A;A;A;B;B;B;B;B;B;B;48;36h;hat sich seit 1975 halbiert;2;1;1954;41;2;4;180;4;7;3;40;0;0;1;1;0;3;1;0;0;1;6;2;3;3;7;6;7;5;1;1;;1;1;7;7;4;154;27;11;4;120;66;39;111;26;702
pjlhv7or;0;0;0;0;0;1;1;1;1;1;0;0;1;0;0;0;0;0;1;1;1;1;1;0;0;1;A;B;B;B;B;B;B;B;B;B;B;A;A;A;B;B;B;B;B;B;B;B;48;36;Die Konzentration von Dioxin in der Muttermilch hat sich halbiert.;3;1;1983;40;0;2;190;2;6;3;30;0;0;1;0;1;1;1;0;0;0;4;6;3;7;4;2;4;5;1;0;;1;2;8;8;15;109;45;7;4;119;28;78;33;76;1079
pnm815bm;0;0;0;0;0;0;0;1;1;1;0;0;1;0;0;0;0;0;0;0;1;1;1;0;0;1;A;B;B;B;B;B;B;B;B;B;B;A;A;A;A;B;B;B;B;B;B;B;48;36;halbiert;3;1;1974;67;3;5;188;3;6;3;20;130;0;1;0;0;2;1;0;0;1;3;6;3;2;3;3;3;5;1;1;;0;2;7;7;29;189;26;15;5;197;42;110;31;66;1079
q87shphc;0;0;0;0;0;1;1;1;1;1;0;0;1;0;0;0;1;1;1;1;1;1;1;0;0;1;A;A;A;A;A;A;A;A;A;A;A;A;A;A;A;A;A;A;A;A;A;A;48;36;alle 10 jahre um25% gesunken gemessen vom Ausgangswert  1975;2;1;1957;38;5;3;186;4;5;3;340;2;0;1;0;1;2;1;0;0;1;7;7;8;7;6;5;6;7;1;0;;1;2;3;3;186;340;72;21;9;322;69;254;56;169;702
qrvtgtls;0;0;0;1;1;1;1;1;1;1;0;0;1;0;0;0;1;1;1;1;1;1;1;0;0;1;A;A;B;B;B;B;B;B;B;B;B;A;A;A;A;B;B;B;B;B;B;B;48;36;Anteil sinkt um 50 % innerhalb von 20 Jahren;3;1;1986;17;0;2;191;4;6;3;50;180;0;1;0;1;2;1;0;0;1;7;6;5;6;7;6;7;8;1;1;;1;2;6;7;9;106;17;7;3;117;51;153;21;62;1079
r68gm0g8;0;0;0;1;1;1;1;1;1;1;0;0;1;1;1;1;1;1;1;1;1;1;1;0;0;0;A;A;B;B;B;B;B;B;B;B;B;A;A;A;A;B;B;B;B;B;B;B;48;36;er hat sich halbiert;2;1;1963;38;0;2;171;2;4;3;0;180;0;0;1;0;3;1;0;0;1;4;3;2;4;3;3;0;3;1;1;;0;2;4;4;12;276;27;18;10;232;88;151;47;94;702
r86du92k;0;0;0;0;0;1;1;1;1;1;0;0;1;0;0;0;0;1;1;1;1;1;1;0;0;1;A;A;A;A;A;A;A;A;A;A;A;A;A;A;A;A;A;A;A;A;A;A;48;36;Er halbierte sich.;3;1;1986;21;0;2;192;2;6;1;60;80;2.3;0;0;0;2;1;0;0;0;3;2;2;4;4;1;6;5;1;1;;1;1;10;10;11;453;40;16;5;207;162;281;570;305;1079
r9fljt5d;0;0;0;0;0;0;1;1;1;1;0;0;1;0;0;0;0;0;1;1;1;1;1;0;0;1;A;B;B;B;B;B;B;B;B;B;B;A;A;B;B;B;B;B;B;B;B;B;48;38;Der absolute Dioxinanteil pro g fett hat sich halbiert;3;1;1977;86;2;4;186;5;6;4;100;240;1.4;0;1;0;2;1;0;0;1;4;6;4;4;3;3;5;4;1;1;;1;2;10;10;10;266;125;15;5;231;55;114;46;121;831
rkiab657;0;0;0;0;0;0;0;1;1;1;0;0;1;0;0;0;0;0;0;0;1;1;1;0;0;1;A;A;B;B;B;B;B;B;B;B;B;A;A;A;A;A;A;A;B;B;B;B;48;36;Der Anteil ist gesunken;3;1;1989;32;0;3;173;2;6;4;30;20;20;0;0;0;2;0;0;0;0;3;1;6;3;8;4;5;3;1;1;;1;1;8;8;6;183;22;14;5;205;54;99;117;42;1079
rl9fdkkl;0;0;0;0;0;0;0;0;1;1;0;0;1;0;0;0;0;0;0;0;0;1;1;0;0;1;A;A;A;A;A;B;B;B;B;B;B;A;A;A;A;A;A;A;A;A;A;A;48;36;Der Dioxinanteil hat sich im gefragten Zeitraum halbiert.;2;1;1988;20;0;3;185;1;5;3;43;20;0;1;0;1;3;1;0;0;0;2;3;1;2;2;3;5;3;1;1;;1;1;10;10;15;304;15;24;12;257;131;74;195;56;702
rpf3uhv5;0;0;0;0;0;0;1;1;1;1;0;0;1;0;0;0;0;0;0;1;1;1;1;0;0;1;A;A;B;B;B;B;B;B;B;B;B;A;A;A;A;B;B;B;B;B;B;B;48;36;Er hat sich halbiert;3;1;1971;27;2;4;188;3;5;1;16;11;200;1;0;1;1;0;0;0;0;5;2;6;2;8;1;4;5;1;1;;1;2;8;3;20;311;89;25;14;320;51;223;54;146;1079
s25uffs7;0;0;0;0;0;0;0;1;1;1;0;0;1;0;0;0;0;0;0;1;1;1;1;0;0;1;A;A;A;A;A;A;A;B;B;B;B;A;A;A;A;A;A;B;B;B;B;B;483;36;wert hat sich halbiert ;2;1;1975;72;2;4;172;2;3;1;20;20;1.2;1;0;0;2;1;0;0;0;6;2;5;7;2;6;5;6;1;1;;1;2;9;9;3;154;10;9;4;115;26;101;22;59;702
s5d21de5;0;0;0;0;0;1;1;1;1;1;0;0;1;0;0;0;0;0;0;1;1;1;1;0;0;1;A;A;B;B;B;B;B;B;B;B;B;A;A;A;A;A;B;B;B;B;B;B;48;36;Um die Hälfte gefallen;3;1;1953;38;4;3;195;4;6;3;100;130;0;0;1;0;2;1;0;0;0;6;3;4;5;5;4;6;6;0;1;;0;2;8;8;8;387;27;20;8;186;41;204;43;115;1079
sgbvl8ot;0;0;0;0;1;1;1;1;1;1;0;0;1;0;0;0;0;0;1;1;1;1;1;0;0;1;A;B;B;B;B;B;B;B;B;B;B;A;A;B;B;B;B;B;B;B;B;B;48;36;Reduktion um 50%;3;1;1990;31;0;4;190;2;3;1;35;35;65;0;0;1;2;1;0;0;1;2;1;0;5;1;0;8;3;1;1;;0;1;10;10;3;164;8;7;5;297;175;71;41;29;1079
tl4vvsqb;0;0;0;0;0;0;0;1;1;1;0;0;1;0;0;0;0;0;0;0;1;1;1;0;0;1;A;A;B;B;B;B;B;B;B;B;B;A;A;A;A;B;B;B;B;B;B;B;48;36;er hat sich halbiert;3;1;1957;26;2;4;183;4;6;3;53;0;0;1;0;1;1;0;0;0;0;3;2;3;2;2;2;8;6;1;1;;1;1;10;10;24;181;65;22;5;311;109;92;162;76;1079
uc57oa8g;0;0;0;0;1;1;1;1;1;1;0;0;1;0;0;0;0;0;0;1;1;1;1;0;0;1;A;B;B;B;B;B;B;B;B;B;B;A;A;B;B;B;B;B;B;B;B;B;48;36;hat sich halbiert;2;1;1964;93;5;7;184;3;6;1;80;17;35;1;0;0;3;1;0;0;0;3;4;1;7;9;5;8;3;1;1;;1;2;10;10;23;243;66;17;7;281;51;169;68;161;702
ud1kt6l4;0;0;0;0;0;0;1;1;1;1;0;0;1;0;0;0;0;0;0;1;1;1;1;0;0;1;A;A;A;A;A;A;B;B;B;B;B;A;A;A;A;A;A;A;A;B;B;B;48;36;Der Dioxinanteil nimmt linear ab;2;1;1992;48;0;2;187;5;3;5;40;20;140;0;0;1;4;0;0;0;0;5;3;4;4;5;2;2;0;1;0;;0;1;8;10;2;161;14;19;7;278;92;58;73;26;702
udsfb96p;0;0;0;0;1;1;1;1;1;1;0;0;1;0;0;0;0;1;1;1;1;1;1;0;0;1;A;A;A;B;B;B;B;B;B;B;B;A;A;A;A;A;A;B;B;B;B;B;48;36;in 10 Jahren jeweils um 25% vom Ausgangswert verringert;1;2;1960;38;2;3;179;2;7;3;10;140;0;1;0;1;3;1;0;0;0;6;1;6;4;4;4;1;4;1;1;;0;2;7;8;3;152;16;9;5;131;52;86;30;52;702
uh7b3b8g;0;0;0;0;1;1;1;1;1;1;0;0;1;0;0;0;0;1;1;1;1;1;1;0;0;1;A;A;B;B;B;B;B;B;B;B;B;A;A;A;A;A;A;B;B;B;B;B;48;36;innerhalb von 20 Jahren hat sich der Anteil halbiert;3;1;1977;21;3;7;186;4;6;4;100;400;2;1;0;1;2;1;0;0;1;6;4;3;6;5;7;5;3;1;1;;1;1;9;9;15;192;42;9;5;120;294;503;924;57;1079
usudch0f;0;0;0;0;0;1;1;1;1;1;0;0;1;0;0;0;0;0;0;0;1;1;1;0;0;1;A;B;B;B;B;B;B;B;B;B;B;A;B;B;B;B;B;B;B;B;B;B;48;36;er ist alle 10 Jahre um 0,2 Nanogramm gesunken.;3;1;1991;61;0;2;200;1;3;1;25;50;15;0;0;1;2;0;0;0;0;6;8;2;6;4;1;7;3;1;1;;0;2;7;9;14;241;22;25;9;309;44;109;41;96;1079
utcn2a1r;0;0;0;0;1;1;1;1;1;1;0;0;1;0;0;0;0;0;0;1;1;1;1;0;0;1;A;A;A;A;A;A;A;A;A;A;A;A;A;A;A;A;A;B;B;B;A;B;48;36;Aer anteil ist um 50 % gesunken!;3;1;1966;37;3;4;180;3;5;3;120;50;0;1;0;1;3;1;0;0;1;3;2;2;5;4;3;7;3;1;1;;1;1;8;8;12;216;43;15;10;198;86;173;336;194;1079
v6g8pbcv;0;0;0;0;0;1;1;1;1;1;0;0;1;0;0;0;0;0;0;0;0;1;1;0;0;1;A;A;B;B;B;B;B;B;B;B;B;A;A;A;A;B;B;B;B;B;B;B;48;35;Der Anteil von Dioxin in der Muttermilch hat sich halbiert;2;1;1988;33;0;2;202;2;5;2;20;70;0;0;0;0;4;1;0;0;1;4;6;4;4;5;5;2;6;1;1;;0;1;5;5;2;280;1;19;4;155;77;556;72;33;454
v8tugffn;0;0;0;0;0;1;1;1;1;1;0;0;1;0;0;0;0;0;0;1;1;1;1;0;0;1;A;A;A;A;A;A;A;A;A;A;A;A;A;A;A;A;A;A;B;B;B;B;48;35;halbiert;3;1;1963;21;3;5;187;1;5;2;45;47;1.8;0;0;0;2;1;0;0;1;5;5;2;4;6;4;5;5;1;1;;0;1;5;6;7;188;17;27;14;311;198;170;150;71;831
vev9uaj9;0;0;0;0;0;0;0;1;1;1;0;0;1;0;0;0;0;0;0;0;1;1;1;0;0;1;A;B;B;B;B;B;B;B;B;B;B;A;A;B;B;B;B;B;B;B;B;B;48;36;Minus 0,4;2;1;1981;84;0;2;188;2;6;1;20;60;100;1;0;1;1;1;0;0;0;5;8;7;9;3;4;9;6;1;1;;0;2;8;8;11;192;13;16;4;145;250;115;19;59;702
vspubep0;0;0;0;0;0;1;1;1;1;1;0;0;1;0;0;0;0;0;0;0;1;1;1;0;0;1;A;A;B;B;B;B;B;B;B;B;B;A;A;A;A;B;B;B;B;B;B;B;48;36;Der Antei hat sich um 0,02ng pro Jahr veringert;2;1;1980;38;1;3;178;2;6;3;0;720;0;0;0;0;2;1;0;0;1;4;2;4;2;4;6;6;5;1;1;;0;1;8;8;5;45;6;8;4;113;65;96;61;42;422
vto1fjun;0;0;0;0;1;1;1;1;1;1;0;0;1;0;0;0;0;0;1;1;1;1;1;0;0;1;A;B;B;B;B;B;B;B;B;B;B;A;B;B;B;B;B;B;B;B;B;B;48;36;halbiert;3;1;1953;37;2;2;185;4;5;3;530;450;0;1;0;0;2;1;0;1;0;7;7;5;7;7;7;5;7;1;1;;1;2;5;7;5;298;63;20;12;329;109;334;71;247;1079
