bibkey,paper,task,subject,age,gender,choice,r,sex,treatment,country
Gnambs2015,Gnambs et al PONE 2015,BART,756001,25,0,23.416666666666668,0.5770020533880904,1,red balloon,Germany
Gnambs2015,Gnambs et al PONE 2015,BART,756001,25,0,21.1,0.4918414918414919,1,blue ballonn,Germany
Gnambs2015,Gnambs et al PONE 2015,BART,756002,26,0,9.777777777777779,0.18032786885245902,1,red balloon,Germany
Gnambs2015,Gnambs et al PONE 2015,BART,756002,26,0,11.583333333333334,0.2209856915739269,1,blue ballonn,Germany
Gnambs2015,Gnambs et al PONE 2015,BART,756003,25,1,20.6,0.4746543778801844,2,red balloon,Germany
Gnambs2015,Gnambs et al PONE 2015,BART,756003,25,1,14,0.28,2,blue ballonn,Germany
Gnambs2015,Gnambs et al PONE 2015,BART,756004,31,0,25.125,0.6463022508038585,1,red balloon,Germany
Gnambs2015,Gnambs et al PONE 2015,BART,756004,31,0,23,0.5609756097560976,1,blue ballonn,Germany
Gnambs2015,Gnambs et al PONE 2015,BART,756005,27,0,29.333333333333332,0.846153846153846,1,red balloon,Germany
Gnambs2015,Gnambs et al PONE 2015,BART,756005,27,0,29.77777777777778,0.8701298701298702,1,blue ballonn,Germany
Gnambs2015,Gnambs et al PONE 2015,BART,756006,22,1,12.727272727272727,0.24822695035460993,2,red balloon,Germany
Gnambs2015,Gnambs et al PONE 2015,BART,756006,22,1,21.615384615384617,0.5099818511796733,2,blue ballonn,Germany
Gnambs2015,Gnambs et al PONE 2015,BART,756007,24,0,10.4,0.19402985074626866,1,red balloon,Germany
Gnambs2015,Gnambs et al PONE 2015,BART,756007,24,0,9.071428571428571,0.16514954486345904,1,blue ballonn,Germany
Gnambs2015,Gnambs et al PONE 2015,BART,756008,20,1,39.8,1.6446280991735533,2,red balloon,Germany
Gnambs2015,Gnambs et al PONE 2015,BART,756008,20,1,34,1.1333333333333333,2,blue ballonn,Germany
Gnambs2015,Gnambs et al PONE 2015,BART,756009,27,0,12.222222222222221,0.23605150214592271,1,red balloon,Germany
Gnambs2015,Gnambs et al PONE 2015,BART,756009,27,0,32.083333333333336,1.0052219321148828,1,blue ballonn,Germany
Gnambs2015,Gnambs et al PONE 2015,BART,756010,21,0,5.7272727272727275,0.09828393135725429,1,red balloon,Germany
Gnambs2015,Gnambs et al PONE 2015,BART,756010,21,0,9.75,0.17972350230414746,1,blue ballonn,Germany
Gnambs2015,Gnambs et al PONE 2015,BART,756011,22,0,21.125,0.49271137026239065,1,red balloon,Germany
Gnambs2015,Gnambs et al PONE 2015,BART,756011,22,0,19,0.4222222222222222,1,blue ballonn,Germany
Gnambs2015,Gnambs et al PONE 2015,BART,756012,21,0,16.11111111111111,0.33642691415313225,1,red balloon,Germany
Gnambs2015,Gnambs et al PONE 2015,BART,756012,21,0,11.6,0.22137404580152673,1,blue ballonn,Germany
Gnambs2015,Gnambs et al PONE 2015,BART,756013,21,1,20,0.45454545454545453,2,red balloon,Germany
Gnambs2015,Gnambs et al PONE 2015,BART,756013,21,1,27.285714285714285,0.7431906614785991,2,blue ballonn,Germany
Gnambs2015,Gnambs et al PONE 2015,BART,756014,21,0,17,0.3617021276595745,1,red balloon,Germany
Gnambs2015,Gnambs et al PONE 2015,BART,756014,21,0,18.727272727272727,0.41365461847389556,1,blue ballonn,Germany
Gnambs2015,Gnambs et al PONE 2015,BART,756015,22,0,20.625,0.4755043227665706,1,red balloon,Germany
Gnambs2015,Gnambs et al PONE 2015,BART,756015,22,0,22,0.5238095238095238,1,blue ballonn,Germany
Gnambs2015,Gnambs et al PONE 2015,BART,756016,20,0,26,0.6842105263157895,1,red balloon,Germany
Gnambs2015,Gnambs et al PONE 2015,BART,756016,20,0,23.454545454545453,0.57847533632287,1,blue ballonn,Germany
Gnambs2015,Gnambs et al PONE 2015,BART,756017,22,0,30.285714285714285,0.8983050847457626,1,red balloon,Germany
Gnambs2015,Gnambs et al PONE 2015,BART,756017,22,0,26.857142857142858,0.7230769230769232,1,blue ballonn,Germany
Gnambs2015,Gnambs et al PONE 2015,BART,756018,27,0,17.583333333333332,0.3788150807899461,1,red balloon,Germany
Gnambs2015,Gnambs et al PONE 2015,BART,756018,27,0,23,0.5609756097560976,1,blue ballonn,Germany
Gnambs2015,Gnambs et al PONE 2015,BART,756019,19,0,29.875,0.8754578754578755,1,red balloon,Germany
Gnambs2015,Gnambs et al PONE 2015,BART,756019,19,0,32.25,1.015748031496063,1,blue ballonn,Germany
Gnambs2015,Gnambs et al PONE 2015,BART,756020,23,0,22.583333333333332,0.5452716297786719,1,red balloon,Germany
Gnambs2015,Gnambs et al PONE 2015,BART,756020,23,0,15.9,0.3305613305613306,1,blue ballonn,Germany
Gnambs2015,Gnambs et al PONE 2015,BART,756021,25,0,30,0.8823529411764706,1,red balloon,Germany
Gnambs2015,Gnambs et al PONE 2015,BART,756021,25,0,23.5,0.5802469135802469,1,blue ballonn,Germany
Gnambs2015,Gnambs et al PONE 2015,BART,756022,18,0,11.8,0.2260536398467433,1,red balloon,Germany
Gnambs2015,Gnambs et al PONE 2015,BART,756022,18,0,9.727272727272727,0.17922948073701842,1,blue ballonn,Germany
Gnambs2015,Gnambs et al PONE 2015,BART,756023,21,0,34.666666666666664,1.1818181818181817,1,red balloon,Germany
Gnambs2015,Gnambs et al PONE 2015,BART,756023,21,0,25.166666666666668,0.6480686695278971,1,blue ballonn,Germany
Gnambs2015,Gnambs et al PONE 2015,BART,756024,20,1,20.90909090909091,0.48523206751054854,2,red balloon,Germany
Gnambs2015,Gnambs et al PONE 2015,BART,756024,20,1,21,0.4883720930232558,2,blue ballonn,Germany
Gnambs2015,Gnambs et al PONE 2015,BART,756025,22,1,12.777777777777779,0.24945770065075923,2,red balloon,Germany
Gnambs2015,Gnambs et al PONE 2015,BART,756025,22,1,16.555555555555557,0.3489461358313818,2,blue ballonn,Germany
Gnambs2015,Gnambs et al PONE 2015,BART,756026,26,0,34,1.1333333333333333,1,red balloon,Germany
Gnambs2015,Gnambs et al PONE 2015,BART,756026,26,0,38.77777777777778,1.537444933920705,1,blue ballonn,Germany
Gnambs2015,Gnambs et al PONE 2015,BART,756027,20,0,19.75,0.4463276836158192,1,red balloon,Germany
Gnambs2015,Gnambs et al PONE 2015,BART,756027,20,0,25.571428571428573,0.6654275092936803,1,blue ballonn,Germany
Gnambs2015,Gnambs et al PONE 2015,BART,756028,33,1,31.22222222222222,0.9525423728813559,2,red balloon,Germany
Gnambs2015,Gnambs et al PONE 2015,BART,756028,33,1,29.375,0.8483754512635379,2,blue ballonn,Germany
Gnambs2015,Gnambs et al PONE 2015,BART,756029,20,0,12.090909090909092,0.23292469352014014,1,red balloon,Germany
Gnambs2015,Gnambs et al PONE 2015,BART,756029,20,0,17.625,0.38005390835579517,1,blue ballonn,Germany
Gnambs2015,Gnambs et al PONE 2015,BART,756030,24,0,25,0.6410256410256411,1,red balloon,Germany
Gnambs2015,Gnambs et al PONE 2015,BART,756030,24,0,24.583333333333332,0.6236786469344607,1,blue ballonn,Germany
Gnambs2015,Gnambs et al PONE 2015,BART,756031,23,1,15.916666666666666,0.3310225303292894,2,red balloon,Germany
Gnambs2015,Gnambs et al PONE 2015,BART,756031,23,1,18.3,0.40043763676148797,2,blue ballonn,Germany
Gnambs2015,Gnambs et al PONE 2015,BART,756032,23,0,16.2,0.3389121338912134,1,red balloon,Germany
Gnambs2015,Gnambs et al PONE 2015,BART,756032,23,0,15.666666666666666,0.32413793103448274,1,blue ballonn,Germany
Gnambs2015,Gnambs et al PONE 2015,BART,756033,23,0,22.77777777777778,0.5525606469002696,1,red balloon,Germany
Gnambs2015,Gnambs et al PONE 2015,BART,756033,23,0,22.4,0.5384615384615384,1,blue ballonn,Germany
Gnambs2015,Gnambs et al PONE 2015,BART,756034,30,0,3,0.04918032786885246,1,red balloon,Germany
Gnambs2015,Gnambs et al PONE 2015,BART,756034,30,0,3.7857142857142856,0.06287069988137603,1,blue ballonn,Germany
Gnambs2015,Gnambs et al PONE 2015,BART,756035,24,1,33.111111111111114,1.0719424460431657,2,red balloon,Germany
Gnambs2015,Gnambs et al PONE 2015,BART,756035,24,1,28,0.7777777777777778,2,blue ballonn,Germany
Gnambs2015,Gnambs et al PONE 2015,BART,756036,22,1,27.88888888888889,0.7723076923076923,2,red balloon,Germany
Gnambs2015,Gnambs et al PONE 2015,BART,756036,22,1,27.333333333333332,0.7454545454545454,2,blue ballonn,Germany
Gnambs2015,Gnambs et al PONE 2015,BART,756037,20,0,25,0.6410256410256411,1,red balloon,Germany
Gnambs2015,Gnambs et al PONE 2015,BART,756037,20,0,21.428571428571427,0.5033557046979865,1,blue ballonn,Germany
Gnambs2015,Gnambs et al PONE 2015,BART,756038,23,0,19.875,0.45042492917847027,1,red balloon,Germany
Gnambs2015,Gnambs et al PONE 2015,BART,756038,23,0,15.363636363636363,0.3158878504672897,1,blue ballonn,Germany
Gnambs2015,Gnambs et al PONE 2015,BART,756039,26,0,17.727272727272727,0.3831041257367387,1,red balloon,Germany
Gnambs2015,Gnambs et al PONE 2015,BART,756039,26,0,21.8,0.5165876777251185,1,blue ballonn,Germany
Gnambs2015,Gnambs et al PONE 2015,BART,756040,24,1,37.2,1.3880597014925375,2,red balloon,Germany
Gnambs2015,Gnambs et al PONE 2015,BART,756040,24,1,31.25,0.9541984732824428,2,blue ballonn,Germany
Gnambs2015,Gnambs et al PONE 2015,BART,756041,23,0,31.22222222222222,0.9525423728813559,1,red balloon,Germany
Gnambs2015,Gnambs et al PONE 2015,BART,756041,23,0,37.5,1.4150943396226414,1,blue ballonn,Germany
Gnambs2015,Gnambs et al PONE 2015,BART,756042,24,0,11.727272727272727,0.2243478260869565,1,red balloon,Germany
Gnambs2015,Gnambs et al PONE 2015,BART,756042,24,0,13.083333333333334,0.2569558101472995,1,blue ballonn,Germany
Gnambs2015,Gnambs et al PONE 2015,BART,756043,31,1,16.666666666666668,0.3521126760563381,2,red balloon,Germany
Gnambs2015,Gnambs et al PONE 2015,BART,756043,31,1,19.53846153846154,0.439446366782007,2,blue ballonn,Germany
Gnambs2015,Gnambs et al PONE 2015,BART,756044,20,0,8.23076923076923,0.1475862068965517,1,red balloon,Germany
Gnambs2015,Gnambs et al PONE 2015,BART,756044,20,0,4.923076923076923,0.08333333333333333,1,blue ballonn,Germany
Gnambs2015,Gnambs et al PONE 2015,BART,756045,19,1,11.818181818181818,0.2264808362369338,2,red balloon,Germany
Gnambs2015,Gnambs et al PONE 2015,BART,756045,19,1,15.2,0.3114754098360656,2,blue ballonn,Germany
Gnambs2015,Gnambs et al PONE 2015,BART,756046,19,1,27.5,0.7534246575342466,2,red balloon,Germany
Gnambs2015,Gnambs et al PONE 2015,BART,756046,19,1,20.22222222222222,0.4619289340101523,2,blue ballonn,Germany
Gnambs2015,Gnambs et al PONE 2015,BART,756047,24,0,20.125,0.4586894586894587,1,red balloon,Germany
Gnambs2015,Gnambs et al PONE 2015,BART,756047,24,0,19.555555555555557,0.44000000000000006,1,blue ballonn,Germany
Gnambs2015,Gnambs et al PONE 2015,BART,756048,28,0,17.454545454545453,0.37499999999999994,1,red balloon,Germany
Gnambs2015,Gnambs et al PONE 2015,BART,756048,28,0,31.375,0.9616858237547893,1,blue ballonn,Germany
Gnambs2015,Gnambs et al PONE 2015,BART,756049,19,0,12.444444444444445,0.24137931034482757,1,red balloon,Germany
Gnambs2015,Gnambs et al PONE 2015,BART,756049,19,0,19.18181818181818,0.42799188640973623,1,blue ballonn,Germany
Gnambs2015,Gnambs et al PONE 2015,BART,756050,21,0,31.666666666666664,0.9793814432989689,1,red balloon,Germany
Gnambs2015,Gnambs et al PONE 2015,BART,756050,21,0,39.42857142857143,1.6046511627906979,1,blue ballonn,Germany
Gnambs2015,Gnambs et al PONE 2015,BART,756051,34,1,21.857142857142858,0.5186440677966102,2,red balloon,Germany
Gnambs2015,Gnambs et al PONE 2015,BART,756051,34,1,38,1.4615384615384615,2,blue ballonn,Germany
Gnambs2015,Gnambs et al PONE 2015,BART,756052,27,0,16.25,0.3403141361256545,1,red balloon,Germany
Gnambs2015,Gnambs et al PONE 2015,BART,756052,27,0,18.8,0.415929203539823,1,blue ballonn,Germany
Gnambs2015,Gnambs et al PONE 2015,BART,756053,24,0,9.454545454545455,0.17333333333333334,1,red balloon,Germany
Gnambs2015,Gnambs et al PONE 2015,BART,756053,24,0,9.909090909090908,0.18319327731092436,1,blue ballonn,Germany
Gnambs2015,Gnambs et al PONE 2015,BART,756054,21,1,3.7,0.06135986733001659,2,red balloon,Germany
Gnambs2015,Gnambs et al PONE 2015,BART,756054,21,1,15.076923076923077,0.30817610062893086,2,blue ballonn,Germany
Gnambs2015,Gnambs et al PONE 2015,BART,756055,21,0,30.571428571428573,0.9145299145299145,1,red balloon,Germany
Gnambs2015,Gnambs et al PONE 2015,BART,756055,21,0,26.857142857142858,0.7230769230769232,1,blue ballonn,Germany
Gnambs2015,Gnambs et al PONE 2015,BART,756056,18,0,25.25,0.6516129032258065,1,red balloon,Germany
Gnambs2015,Gnambs et al PONE 2015,BART,756056,18,0,32.833333333333336,1.0534759358288772,1,blue ballonn,Germany
Gnambs2015,Gnambs et al PONE 2015,BART,756057,20,0,13,0.2549019607843137,1,red balloon,Germany
Gnambs2015,Gnambs et al PONE 2015,BART,756057,20,0,13.4,0.2648221343873518,1,blue ballonn,Germany
Gnambs2015,Gnambs et al PONE 2015,BART,756058,19,0,37.666666666666664,1.4303797468354429,1,red balloon,Germany
Gnambs2015,Gnambs et al PONE 2015,BART,756058,19,0,35,1.206896551724138,1,blue ballonn,Germany
Gnambs2015,Gnambs et al PONE 2015,BART,756059,20,0,17,0.3617021276595745,1,red balloon,Germany
Gnambs2015,Gnambs et al PONE 2015,BART,756059,20,0,17.6,0.37931034482758624,1,blue ballonn,Germany
Gnambs2015,Gnambs et al PONE 2015,BART,756060,21,1,26.22222222222222,0.6941176470588235,2,red balloon,Germany
Gnambs2015,Gnambs et al PONE 2015,BART,756060,21,1,32.375,1.023715415019763,2,blue ballonn,Germany
Gnambs2015,Gnambs et al PONE 2015,BART,756061,22,0,19,0.4222222222222222,1,red balloon,Germany
Gnambs2015,Gnambs et al PONE 2015,BART,756061,22,0,17.666666666666668,0.38129496402877705,1,blue ballonn,Germany
Gnambs2015,Gnambs et al PONE 2015,BART,756062,25,1,41.2,1.8070175438596494,2,red balloon,Germany
Gnambs2015,Gnambs et al PONE 2015,BART,756062,25,1,40.2,1.689075630252101,2,blue ballonn,Germany
Gnambs2015,Gnambs et al PONE 2015,BART,756063,21,1,31.2,0.951219512195122,2,red balloon,Germany
Gnambs2015,Gnambs et al PONE 2015,BART,756063,21,1,30.142857142857142,0.8902953586497889,2,blue ballonn,Germany
Gnambs2015,Gnambs et al PONE 2015,BART,756064,21,0,18.22222222222222,0.39805825242718446,1,red balloon,Germany
Gnambs2015,Gnambs et al PONE 2015,BART,756064,21,0,22.22222222222222,0.5319148936170213,1,blue ballonn,Germany
Gnambs2015,Gnambs et al PONE 2015,BART,756065,20,1,5.916666666666667,0.10186513629842181,2,red balloon,Germany
Gnambs2015,Gnambs et al PONE 2015,BART,756065,20,1,6.454545454545454,0.11216429699842022,2,blue ballonn,Germany
Gnambs2015,Gnambs et al PONE 2015,BART,756066,25,1,19.272727272727273,0.43089430894308944,2,red balloon,Germany
Gnambs2015,Gnambs et al PONE 2015,BART,756066,25,1,20.727272727272727,0.4789915966386554,2,blue ballonn,Germany
Gnambs2015,Gnambs et al PONE 2015,BART,756067,23,0,33.75,1.115702479338843,1,red balloon,Germany
Gnambs2015,Gnambs et al PONE 2015,BART,756067,23,0,26.571428571428573,0.7099236641221374,1,blue ballonn,Germany
Gnambs2015,Gnambs et al PONE 2015,BART,756068,25,0,33.142857142857146,1.0740740740740742,1,red balloon,Germany
Gnambs2015,Gnambs et al PONE 2015,BART,756068,25,0,29.375,0.8483754512635379,1,blue ballonn,Germany
Gnambs2015,Gnambs et al PONE 2015,BART,756069,22,1,11.083333333333334,0.2094488188976378,2,red balloon,Germany
Gnambs2015,Gnambs et al PONE 2015,BART,756069,22,1,10.454545454545455,0.19524617996604415,2,blue ballonn,Germany
Gnambs2015,Gnambs et al PONE 2015,BART,756070,20,0,16.88888888888889,0.3584905660377358,1,red balloon,Germany
Gnambs2015,Gnambs et al PONE 2015,BART,756070,20,0,14.666666666666666,0.29729729729729726,1,blue ballonn,Germany
Gnambs2015,Gnambs et al PONE 2015,BART,756071,17,0,40,1.6666666666666667,1,red balloon,Germany
Gnambs2015,Gnambs et al PONE 2015,BART,756071,17,0,40,1.6666666666666667,1,blue ballonn,Germany
Gnambs2015,Gnambs et al PONE 2015,BART,756072,22,0,15.384615384615383,0.3164556962025316,1,red balloon,Germany
Gnambs2015,Gnambs et al PONE 2015,BART,756072,22,0,13.833333333333334,0.27574750830564787,1,blue ballonn,Germany
Gnambs2015,Gnambs et al PONE 2015,BART,756073,21,0,19.285714285714285,0.4313099041533546,1,red balloon,Germany
Gnambs2015,Gnambs et al PONE 2015,BART,756073,21,0,26.6,0.7112299465240642,1,blue ballonn,Germany
Gnambs2015,Gnambs et al PONE 2015,BART,756074,19,1,11.76923076923077,0.2253313696612666,2,red balloon,Germany
Gnambs2015,Gnambs et al PONE 2015,BART,756074,19,1,9.692307692307692,0.17847025495750707,2,blue ballonn,Germany
Gnambs2015,Gnambs et al PONE 2015,BART,756075,19,1,32.75,1.048,2,red balloon,Germany
Gnambs2015,Gnambs et al PONE 2015,BART,756075,19,1,20.22222222222222,0.4619289340101523,2,blue ballonn,Germany
Gnambs2015,Gnambs et al PONE 2015,BART,756076,20,0,9.916666666666666,0.18335901386748843,1,red balloon,Germany
Gnambs2015,Gnambs et al PONE 2015,BART,756076,20,0,10.076923076923077,0.18687589158345222,1,blue ballonn,Germany
Gnambs2015,Gnambs et al PONE 2015,BART,756077,24,1,13.666666666666666,0.271523178807947,2,red balloon,Germany
Gnambs2015,Gnambs et al PONE 2015,BART,756077,24,1,15.583333333333334,0.32185886402753877,2,blue ballonn,Germany
Gnambs2015,Gnambs et al PONE 2015,BART,756078,23,0,30.571428571428573,0.9145299145299145,1,red balloon,Germany
Gnambs2015,Gnambs et al PONE 2015,BART,756078,23,0,23.2,0.5686274509803921,1,blue ballonn,Germany
Gnambs2015,Gnambs et al PONE 2015,BART,756079,22,1,19.2,0.4285714285714286,2,red balloon,Germany
Gnambs2015,Gnambs et al PONE 2015,BART,756079,22,1,9.714285714285714,0.17894736842105263,2,blue ballonn,Germany
Gnambs2015,Gnambs et al PONE 2015,BART,756080,19,1,20.363636363636363,0.4666666666666666,2,red balloon,Germany
Gnambs2015,Gnambs et al PONE 2015,BART,756080,19,1,20.11111111111111,0.4582278481012658,2,blue ballonn,Germany
Gnambs2015,Gnambs et al PONE 2015,BART,756081,21,1,21.2,0.4953271028037383,2,red balloon,Germany
Gnambs2015,Gnambs et al PONE 2015,BART,756081,21,1,20.363636363636363,0.4666666666666666,2,blue ballonn,Germany
Gnambs2015,Gnambs et al PONE 2015,BART,756082,24,0,11.11111111111111,0.21008403361344538,1,red balloon,Germany
Gnambs2015,Gnambs et al PONE 2015,BART,756082,24,0,25.8,0.675392670157068,1,blue ballonn,Germany
Gnambs2015,Gnambs et al PONE 2015,BART,756083,21,0,33.25,1.08130081300813,1,red balloon,Germany
Gnambs2015,Gnambs et al PONE 2015,BART,756083,21,0,33.857142857142854,1.1232227488151656,1,blue ballonn,Germany
Gnambs2015,Gnambs et al PONE 2015,BART,756084,22,0,16.714285714285715,0.3534743202416919,1,red balloon,Germany
Gnambs2015,Gnambs et al PONE 2015,BART,756084,22,0,27,0.7297297297297297,1,blue ballonn,Germany
Gnambs2015,Gnambs et al PONE 2015,BART,756085,28,0,26,0.6842105263157895,1,red balloon,Germany
Gnambs2015,Gnambs et al PONE 2015,BART,756085,28,0,23.375,0.5753846153846154,1,blue ballonn,Germany
Gnambs2015,Gnambs et al PONE 2015,BART,756086,21,0,35.857142857142854,1.2741116751269033,1,red balloon,Germany
Gnambs2015,Gnambs et al PONE 2015,BART,756086,21,0,21,0.4883720930232558,1,blue ballonn,Germany
Gnambs2015,Gnambs et al PONE 2015,BART,756087,20,0,32,1,1,red balloon,Germany
Gnambs2015,Gnambs et al PONE 2015,BART,756087,20,0,25.571428571428573,0.6654275092936803,1,blue ballonn,Germany
Gnambs2015,Gnambs et al PONE 2015,BART,756088,21,0,23.77777777777778,0.5911602209944752,1,red balloon,Germany
Gnambs2015,Gnambs et al PONE 2015,BART,756088,21,0,20.285714285714285,0.4640522875816993,1,blue ballonn,Germany
Gnambs2015,Gnambs et al PONE 2015,BART,756089,21,0,19.5,0.43820224719101125,1,red balloon,Germany
Gnambs2015,Gnambs et al PONE 2015,BART,756089,21,0,19.142857142857142,0.42675159235668786,1,blue ballonn,Germany
Gnambs2015,Gnambs et al PONE 2015,BART,756090,20,0,28,0.7777777777777778,1,red balloon,Germany
Gnambs2015,Gnambs et al PONE 2015,BART,756090,20,0,24.75,0.6305732484076433,1,blue ballonn,Germany
Gnambs2015,Gnambs et al PONE 2015,BART,756091,19,0,18,0.391304347826087,1,red balloon,Germany
Gnambs2015,Gnambs et al PONE 2015,BART,756091,19,0,20.625,0.4755043227665706,1,blue ballonn,Germany
Gnambs2015,Gnambs et al PONE 2015,BART,756092,21,0,28.428571428571427,0.7991967871485944,1,red balloon,Germany
Gnambs2015,Gnambs et al PONE 2015,BART,756092,21,0,31,0.9393939393939394,1,blue ballonn,Germany
Gnambs2015,Gnambs et al PONE 2015,BART,756093,35,0,26,0.6842105263157895,1,red balloon,Germany
Gnambs2015,Gnambs et al PONE 2015,BART,756093,35,0,16.727272727272727,0.3538461538461538,1,blue ballonn,Germany
Gnambs2015,Gnambs et al PONE 2015,BART,756094,20,0,12,0.23076923076923078,1,red balloon,Germany
Gnambs2015,Gnambs et al PONE 2015,BART,756094,20,0,14.142857142857142,0.2836676217765043,1,blue ballonn,Germany
Gnambs2015,Gnambs et al PONE 2015,BART,756095,25,0,21.333333333333332,0.49999999999999994,1,red balloon,Germany
Gnambs2015,Gnambs et al PONE 2015,BART,756095,25,0,29,0.8285714285714286,1,blue ballonn,Germany
Gnambs2015,Gnambs et al PONE 2015,BART,756096,21,0,15.9,0.3305613305613306,1,red balloon,Germany
Gnambs2015,Gnambs et al PONE 2015,BART,756096,21,0,12,0.23076923076923078,1,blue ballonn,Germany
Gnambs2015,Gnambs et al PONE 2015,BART,756097,19,0,16.083333333333332,0.3356521739130434,1,red balloon,Germany
Gnambs2015,Gnambs et al PONE 2015,BART,756097,19,0,12.333333333333332,0.23870967741935478,1,blue ballonn,Germany
Gnambs2015,Gnambs et al PONE 2015,BART,756098,22,0,7.333333333333333,0.12941176470588237,1,red balloon,Germany
Gnambs2015,Gnambs et al PONE 2015,BART,756098,22,0,6.25,0.10822510822510822,1,blue ballonn,Germany
Gnambs2015,Gnambs et al PONE 2015,BART,756099,18,0,24.333333333333332,0.6134453781512604,1,red balloon,Germany
Gnambs2015,Gnambs et al PONE 2015,BART,756099,18,0,26.142857142857142,0.690566037735849,1,blue ballonn,Germany
Gnambs2015,Gnambs et al PONE 2015,BART,756100,34,1,28.5,0.8028169014084507,2,red balloon,Germany
Gnambs2015,Gnambs et al PONE 2015,BART,756100,34,1,36,1.2857142857142858,2,blue ballonn,Germany
Gnambs2015,Gnambs et al PONE 2015,BART,756101,20,1,25.11111111111111,0.6457142857142858,2,red balloon,Germany
Gnambs2015,Gnambs et al PONE 2015,BART,756101,20,1,22.666666666666668,0.5483870967741936,2,blue ballonn,Germany
Gnambs2015,Gnambs et al PONE 2015,BART,756102,35,0,22.181818181818183,0.5304347826086958,1,red balloon,Germany
Gnambs2015,Gnambs et al PONE 2015,BART,756102,35,0,17.818181818181817,0.38582677165354323,1,blue ballonn,Germany
Gnambs2015,Gnambs et al PONE 2015,BART,756103,22,0,17.77777777777778,0.38461538461538464,1,red balloon,Germany
Gnambs2015,Gnambs et al PONE 2015,BART,756103,22,0,22.555555555555557,0.5442359249329759,1,blue ballonn,Germany
Gnambs2015,Gnambs et al PONE 2015,BART,756104,35,0,28.5,0.8028169014084507,1,red balloon,Germany
Gnambs2015,Gnambs et al PONE 2015,BART,756104,35,0,20.142857142857142,0.45928338762214976,1,blue ballonn,Germany
Gnambs2015,Gnambs et al PONE 2015,BART,756105,18,0,26.444444444444443,0.7041420118343195,1,red balloon,Germany
Gnambs2015,Gnambs et al PONE 2015,BART,756105,18,0,24.5,0.620253164556962,1,blue ballonn,Germany
Gnambs2015,Gnambs et al PONE 2015,BART,756106,34,1,34.333333333333336,1.157303370786517,2,red balloon,Germany
Gnambs2015,Gnambs et al PONE 2015,BART,756106,34,1,30.571428571428573,0.9145299145299145,2,blue ballonn,Germany
Gnambs2015,Gnambs et al PONE 2015,BART,756107,19,1,24.666666666666668,0.6271186440677967,2,red balloon,Germany
Gnambs2015,Gnambs et al PONE 2015,BART,756107,19,1,26.666666666666668,0.7142857142857144,2,blue ballonn,Germany
Gnambs2015,Gnambs et al PONE 2015,BART,756108,21,1,37.666666666666664,1.4303797468354429,2,red balloon,Germany
Gnambs2015,Gnambs et al PONE 2015,BART,756108,21,1,38.75,1.5346534653465347,2,blue ballonn,Germany
Gnambs2015,Gnambs et al PONE 2015,BART,756109,18,0,25,0.6410256410256411,1,red balloon,Germany
Gnambs2015,Gnambs et al PONE 2015,BART,756109,18,0,27.5,0.7534246575342466,1,blue ballonn,Germany
Gnambs2015,Gnambs et al PONE 2015,BART,756110,22,1,25.4,0.6580310880829014,2,red balloon,Germany
Gnambs2015,Gnambs et al PONE 2015,BART,756110,22,1,18.7,0.41280353200883,2,blue ballonn,Germany
Gnambs2015,Gnambs et al PONE 2015,BART,756111,31,1,40,1.6666666666666667,2,red balloon,Germany
Gnambs2015,Gnambs et al PONE 2015,BART,756111,31,1,32.857142857142854,1.055045871559633,2,blue ballonn,Germany
Gnambs2015,Gnambs et al PONE 2015,BART,756112,20,1,11,0.20754716981132076,2,red balloon,Germany
Gnambs2015,Gnambs et al PONE 2015,BART,756112,20,1,10.636363636363637,0.19931856899488928,2,blue ballonn,Germany
Gnambs2015,Gnambs et al PONE 2015,BART,756113,21,0,11.23076923076923,0.2128279883381924,1,red balloon,Germany
Gnambs2015,Gnambs et al PONE 2015,BART,756113,21,0,15.538461538461538,0.32063492063492066,1,blue ballonn,Germany
Gnambs2015,Gnambs et al PONE 2015,BART,756114,20,1,45,2.3684210526315788,2,red balloon,Germany
Gnambs2015,Gnambs et al PONE 2015,BART,756114,20,1,25.666666666666668,0.6695652173913045,2,blue ballonn,Germany
Gnambs2015,Gnambs et al PONE 2015,BART,756115,23,0,8.8,0.15942028985507248,1,red balloon,Germany
Gnambs2015,Gnambs et al PONE 2015,BART,756115,23,0,23.125,0.5657492354740061,1,blue ballonn,Germany
Gnambs2015,Gnambs et al PONE 2015,BART,756116,20,1,30.25,0.8962962962962963,2,red balloon,Germany
Gnambs2015,Gnambs et al PONE 2015,BART,756116,20,1,31,0.9393939393939394,2,blue ballonn,Germany
Gnambs2015,Gnambs et al PONE 2015,BART,756117,29,0,22.5,0.54216867469879515,1,red balloon,Germany
Gnambs2015,Gnambs et al PONE 2015,BART,756117,29,0,27.7,0.7630853994490359,1,blue ballonn,Germany
Gnambs2015,Gnambs et al PONE 2015,BART,756118,21,0,19.333333333333332,0.4328358208955223,1,red balloon,Germany
Gnambs2015,Gnambs et al PONE 2015,BART,756118,21,0,16,0.3333333333333333,1,blue ballonn,Germany
Gnambs2015,Gnambs et al PONE 2015,BART,756119,20,1,27.714285714285715,0.7637795275590552,2,red balloon,Germany
Gnambs2015,Gnambs et al PONE 2015,BART,756119,20,1,28.5,0.8028169014084507,2,blue ballonn,Germany
Gnambs2015,Gnambs et al PONE 2015,BART,756120,19,0,25.285714285714285,0.6531365313653136,1,red balloon,Germany
Gnambs2015,Gnambs et al PONE 2015,BART,756120,19,0,19.333333333333332,0.4328358208955223,1,blue ballonn,Germany
Gnambs2015,Gnambs et al PONE 2015,BART,756121,31,1,16.142857142857142,0.3373134328358209,2,red balloon,Germany
Gnambs2015,Gnambs et al PONE 2015,BART,756121,31,1,24,0.6,2,blue ballonn,Germany
Gnambs2015,Gnambs et al PONE 2015,BART,756122,22,1,8.076923076923077,0.14442916093535077,2,red balloon,Germany
Gnambs2015,Gnambs et al PONE 2015,BART,756122,22,1,8.166666666666666,0.1462686567164179,2,blue ballonn,Germany
Gnambs2015,Gnambs et al PONE 2015,BART,756123,28,1,26.571428571428573,0.7099236641221374,2,red balloon,Germany
Gnambs2015,Gnambs et al PONE 2015,BART,756123,28,1,14.727272727272727,0.2988929889298893,2,blue ballonn,Germany
Gnambs2015,Gnambs et al PONE 2015,BART,756124,22,0,1.8333333333333333,0.029490616621983913,1,red balloon,Germany
Gnambs2015,Gnambs et al PONE 2015,BART,756124,22,0,2,0.03225806451612903,1,blue ballonn,Germany
Gnambs2015,Gnambs et al PONE 2015,BART,756125,22,0,8.5,0.15315315315315314,1,red balloon,Germany
Gnambs2015,Gnambs et al PONE 2015,BART,756125,22,0,17.125,0.36533333333333334,1,blue ballonn,Germany
Gnambs2015,Gnambs et al PONE 2015,BART,756126,26,1,10,0.18518518518518517,2,red balloon,Germany
Gnambs2015,Gnambs et al PONE 2015,BART,756126,26,1,10,0.18518518518518517,2,blue ballonn,Germany
Gnambs2015,Gnambs et al PONE 2015,BART,756127,18,0,16.1,0.3361169102296451,1,red balloon,Germany
Gnambs2015,Gnambs et al PONE 2015,BART,756127,18,0,18.333333333333332,0.4014598540145985,1,blue ballonn,Germany
Gnambs2015,Gnambs et al PONE 2015,BART,756128,27,0,22.666666666666668,0.5483870967741936,1,red balloon,Germany
Gnambs2015,Gnambs et al PONE 2015,BART,756128,27,0,22.125,0.5283582089552239,1,blue ballonn,Germany
Gnambs2015,Gnambs et al PONE 2015,BART,756129,22,0,24.333333333333332,0.6134453781512604,1,red balloon,Germany
Gnambs2015,Gnambs et al PONE 2015,BART,756129,22,0,24,0.6,1,blue ballonn,Germany
Gnambs2015,Gnambs et al PONE 2015,BART,756130,31,0,26.25,0.695364238410596,1,red balloon,Germany
Gnambs2015,Gnambs et al PONE 2015,BART,756130,31,0,16,0.3333333333333333,1,blue ballonn,Germany
Gnambs2015,Gnambs et al PONE 2015,BART,756131,22,0,15.5,0.31958762886597936,1,red balloon,Germany
Gnambs2015,Gnambs et al PONE 2015,BART,756131,22,0,11.5,0.21904761904761905,1,blue ballonn,Germany
Gnambs2015,Gnambs et al PONE 2015,BART,756132,19,0,25.77777777777778,0.6744186046511629,1,red balloon,Germany
Gnambs2015,Gnambs et al PONE 2015,BART,756132,19,0,29.5,0.855072463768116,1,blue ballonn,Germany
Gnambs2015,Gnambs et al PONE 2015,BART,756133,21,1,18.181818181818183,0.3968253968253969,2,red balloon,Germany
Gnambs2015,Gnambs et al PONE 2015,BART,756133,21,1,19.25,0.4301675977653631,2,blue ballonn,Germany
Gnambs2015,Gnambs et al PONE 2015,BART,756134,20,1,18,0.391304347826087,2,red balloon,Germany
Gnambs2015,Gnambs et al PONE 2015,BART,756134,20,1,23.875,0.5950155763239875,2,blue ballonn,Germany
Gnambs2015,Gnambs et al PONE 2015,BART,756135,20,0,14.75,0.29949238578680204,1,red balloon,Germany
Gnambs2015,Gnambs et al PONE 2015,BART,756135,20,0,22.454545454545453,0.5404814004376367,1,blue ballonn,Germany
Gnambs2015,Gnambs et al PONE 2015,BART,756136,21,0,38.285714285714285,1.4888888888888887,1,red balloon,Germany
Gnambs2015,Gnambs et al PONE 2015,BART,756136,21,0,35.375,1.2358078602620088,1,blue ballonn,Germany
Gnambs2015,Gnambs et al PONE 2015,BART,756137,19,1,32.666666666666664,1.0425531914893615,2,red balloon,Germany
Gnambs2015,Gnambs et al PONE 2015,BART,756137,19,1,25,0.6410256410256411,2,blue ballonn,Germany
Gnambs2015,Gnambs et al PONE 2015,BART,756138,21,0,30.571428571428573,0.9145299145299145,1,red balloon,Germany
Gnambs2015,Gnambs et al PONE 2015,BART,756138,21,0,25.285714285714285,0.6531365313653136,1,blue ballonn,Germany
Gnambs2015,Gnambs et al PONE 2015,BART,756139,19,0,10.307692307692308,0.19197707736389685,1,red balloon,Germany
Gnambs2015,Gnambs et al PONE 2015,BART,756139,19,0,8.1,0.1449016100178891,1,blue ballonn,Germany
Gnambs2015,Gnambs et al PONE 2015,BART,756140,26,1,19.6,0.4414414414414415,2,red balloon,Germany
Gnambs2015,Gnambs et al PONE 2015,BART,756140,26,1,20.22222222222222,0.4619289340101523,2,blue ballonn,Germany
Gnambs2015,Gnambs et al PONE 2015,BART,756141,25,0,19.666666666666668,0.44360902255639106,1,red balloon,Germany
Gnambs2015,Gnambs et al PONE 2015,BART,756141,25,0,15.5,0.31958762886597936,1,blue ballonn,Germany
Gnambs2015,Gnambs et al PONE 2015,BART,756142,18,0,19.625,0.4422535211267606,1,red balloon,Germany
Gnambs2015,Gnambs et al PONE 2015,BART,756142,18,0,10.3,0.19180633147113593,1,blue ballonn,Germany
Gnambs2015,Gnambs et al PONE 2015,BART,756143,19,0,13.25,0.26108374384236455,1,red balloon,Germany
Gnambs2015,Gnambs et al PONE 2015,BART,756143,19,0,11.454545454545455,0.2179930795847751,1,blue ballonn,Germany
Gnambs2015,Gnambs et al PONE 2015,BART,756144,19,1,17.75,0.3837837837837838,2,red balloon,Germany
Gnambs2015,Gnambs et al PONE 2015,BART,756144,19,1,12.88888888888889,0.25217391304347825,2,blue ballonn,Germany
Gnambs2015,Gnambs et al PONE 2015,BART,756145,18,0,10.6,0.19850187265917602,1,red balloon,Germany
Gnambs2015,Gnambs et al PONE 2015,BART,756145,18,0,18.09090909090909,0.3940594059405941,1,blue ballonn,Germany
Gnambs2015,Gnambs et al PONE 2015,BART,756146,23,0,28,0.7777777777777778,1,red balloon,Germany
Gnambs2015,Gnambs et al PONE 2015,BART,756146,23,0,21.666666666666668,0.5118110236220473,1,blue ballonn,Germany
