bibkey,paper,task,subject,age,gender,choice,r,country
Brañas-Garza2021,Brañas-Garza et al. 2021,HL,1,39,1,5,2.6,Honduras
Brañas-Garza2021,Brañas-Garza et al. 2021,HL,2,37,0,1,-0.17595910565229134,Honduras
Brañas-Garza2021,Brañas-Garza et al. 2021,HL,3,31,0,2,0.7314563742931932,Honduras
Brañas-Garza2021,Brañas-Garza et al. 2021,HL,4,24,1,4,2.1605335139459934,Honduras
Brañas-Garza2021,Brañas-Garza et al. 2021,HL,5,23,1,5,2.6,Honduras
Brañas-Garza2021,Brañas-Garza et al. 2021,HL,6,26,1,1,-0.025801933652255693,Honduras
Brañas-Garza2021,Brañas-Garza et al. 2021,HL,7,26,1,0,-0.21,Honduras
Brañas-Garza2021,Brañas-Garza et al. 2021,HL,8,32,0,3,1.0293045403668657,Honduras
Brañas-Garza2021,Brañas-Garza et al. 2021,HL,9,28,0,3,0.8563460577372461,Honduras
Brañas-Garza2021,Brañas-Garza et al. 2021,HL,10,35,1,0,-0.21,Honduras
Brañas-Garza2021,Brañas-Garza et al. 2021,HL,11,28,1,2,0.8354135632142424,Honduras
Brañas-Garza2021,Brañas-Garza et al. 2021,HL,12,38,1,4,1.2952828993764707,Honduras
Brañas-Garza2021,Brañas-Garza et al. 2021,HL,13,51,1,1,0.022329876790754488,Honduras
Brañas-Garza2021,Brañas-Garza et al. 2021,HL,14,33,1,0,-0.21,Honduras
Brañas-Garza2021,Brañas-Garza et al. 2021,HL,15,31,1,1,-0.07972619701409711,Honduras
Brañas-Garza2021,Brañas-Garza et al. 2021,HL,16,28,0,1,0.2816373522137292,Honduras
Brañas-Garza2021,Brañas-Garza et al. 2021,HL,17,26,1,1,0.15437987606041134,Honduras
Brañas-Garza2021,Brañas-Garza et al. 2021,HL,18,22,1,1,-0.1881198686105199,Honduras
Brañas-Garza2021,Brañas-Garza et al. 2021,HL,19,41,1,2,0.7406603599991649,Honduras
Brañas-Garza2021,Brañas-Garza et al. 2021,HL,20,27,1,2,0.8062071494851262,Honduras
Brañas-Garza2021,Brañas-Garza et al. 2021,HL,21,33,1,4,2.5521091120410713,Honduras
Brañas-Garza2021,Brañas-Garza et al. 2021,HL,22,32,1,1,0.5014323777030222,Honduras
Brañas-Garza2021,Brañas-Garza et al. 2021,HL,23,57,1,2,0.8264158350042998,Honduras
Brañas-Garza2021,Brañas-Garza et al. 2021,HL,24,25,1,0,-0.21,Honduras
Brañas-Garza2021,Brañas-Garza et al. 2021,HL,25,41,1,3,0.9081135475169867,Honduras
Brañas-Garza2021,Brañas-Garza et al. 2021,HL,26,29,1,2,0.6878930553887039,Honduras
Brañas-Garza2021,Brañas-Garza et al. 2021,HL,27,32,1,5,2.6,Honduras
Brañas-Garza2021,Brañas-Garza et al. 2021,HL,28,36,1,5,2.6,Honduras
Brañas-Garza2021,Brañas-Garza et al. 2021,HL,29,32,1,2,0.7881083525810391,Honduras
Brañas-Garza2021,Brañas-Garza et al. 2021,HL,30,40,1,5,2.6,Honduras
Brañas-Garza2021,Brañas-Garza et al. 2021,HL,31,33,0,1,0.1774858913361095,Honduras
Brañas-Garza2021,Brañas-Garza et al. 2021,HL,32,32,1,5,2.6,Honduras
Brañas-Garza2021,Brañas-Garza et al. 2021,HL,33,28,1,1,-0.12384916556999087,Honduras
Brañas-Garza2021,Brañas-Garza et al. 2021,HL,34,31,1,2,0.6763693131133914,Honduras
Brañas-Garza2021,Brañas-Garza et al. 2021,HL,35,29,1,1,0.4212690767343156,Honduras
Brañas-Garza2021,Brañas-Garza et al. 2021,HL,36,43,1,1,0.2644760118657723,Honduras
Brañas-Garza2021,Brañas-Garza et al. 2021,HL,37,39,0,3,0.9402655739500188,Honduras
Brañas-Garza2021,Brañas-Garza et al. 2021,HL,38,32,1,2,0.7549570638313889,Honduras
Brañas-Garza2021,Brañas-Garza et al. 2021,HL,39,30,1,2,0.6480104030668735,Honduras
Brañas-Garza2021,Brañas-Garza et al. 2021,HL,40,45,1,0,-0.21,Honduras
Brañas-Garza2021,Brañas-Garza et al. 2021,HL,41,34,1,3,1.0443767169001512,Honduras
Brañas-Garza2021,Brañas-Garza et al. 2021,HL,42,25,1,5,2.6,Honduras
Brañas-Garza2021,Brañas-Garza et al. 2021,HL,43,30,1,0,-0.21,Honduras
Brañas-Garza2021,Brañas-Garza et al. 2021,HL,44,30,1,0,-0.21,Honduras
Brañas-Garza2021,Brañas-Garza et al. 2021,HL,45,52,1,5,2.6,Honduras
Brañas-Garza2021,Brañas-Garza et al. 2021,HL,46,28,1,1,0.44953385075554253,Honduras
Brañas-Garza2021,Brañas-Garza et al. 2021,HL,47,30,1,3,0.9686770670861006,Honduras
Brañas-Garza2021,Brañas-Garza et al. 2021,HL,48,28,1,0,-0.21,Honduras
Brañas-Garza2021,Brañas-Garza et al. 2021,HL,49,43,1,0,-0.21,Honduras
Brañas-Garza2021,Brañas-Garza et al. 2021,HL,50,28,1,0,-0.21,Honduras
Brañas-Garza2021,Brañas-Garza et al. 2021,HL,51,26,1,0,-0.21,Honduras
Brañas-Garza2021,Brañas-Garza et al. 2021,HL,52,30,1,0,-0.21,Honduras
Brañas-Garza2021,Brañas-Garza et al. 2021,HL,53,25,1,2,0.6485784926079213,Honduras
Brañas-Garza2021,Brañas-Garza et al. 2021,HL,54,34,1,2,0.7197038909047841,Honduras
Brañas-Garza2021,Brañas-Garza et al. 2021,HL,55,30,1,0,-0.21,Honduras
Brañas-Garza2021,Brañas-Garza et al. 2021,HL,56,38,1,0,-0.21,Honduras
Brañas-Garza2021,Brañas-Garza et al. 2021,HL,57,24,1,2,0.6602650617342443,Honduras
Brañas-Garza2021,Brañas-Garza et al. 2021,HL,58,38,1,0,-0.21,Honduras
Brañas-Garza2021,Brañas-Garza et al. 2021,HL,59,52,0,4,1.2473522546538152,Honduras
Brañas-Garza2021,Brañas-Garza et al. 2021,HL,60,24,1,0,-0.21,Honduras
Brañas-Garza2021,Brañas-Garza et al. 2021,HL,61,39,1,0,-0.21,Honduras
Brañas-Garza2021,Brañas-Garza et al. 2021,HL,62,27,1,4,1.1518465120973997,Honduras
Brañas-Garza2021,Brañas-Garza et al. 2021,HL,63,31,1,2,0.7334789572376758,Honduras
Brañas-Garza2021,Brañas-Garza et al. 2021,HL,64,31,1,1,0.2927022832655348,Honduras
Brañas-Garza2021,Brañas-Garza et al. 2021,HL,65,29,1,4,1.261086284883786,Honduras
Brañas-Garza2021,Brañas-Garza et al. 2021,HL,66,30,1,1,0.4928841434395872,Honduras
Brañas-Garza2021,Brañas-Garza et al. 2021,HL,67,34,1,2,0.7527975705079735,Honduras
Brañas-Garza2021,Brañas-Garza et al. 2021,HL,68,24,1,1,0.37569508538348606,Honduras
Brañas-Garza2021,Brañas-Garza et al. 2021,HL,69,28,1,0,-0.21,Honduras
Brañas-Garza2021,Brañas-Garza et al. 2021,HL,70,35,1,2,0.7647137479484081,Honduras
Brañas-Garza2021,Brañas-Garza et al. 2021,HL,71,42,1,2,0.8318383343610912,Honduras
Brañas-Garza2021,Brañas-Garza et al. 2021,HL,72,26,1,0,-0.21,Honduras
Brañas-Garza2021,Brañas-Garza et al. 2021,HL,73,23,1,2,0.7389276554901153,Honduras
Brañas-Garza2021,Brañas-Garza et al. 2021,HL,74,32,1,2,0.8227776836697012,Honduras
Brañas-Garza2021,Brañas-Garza et al. 2021,HL,75,29,1,1,0.5408493452914991,Honduras
Brañas-Garza2021,Brañas-Garza et al. 2021,HL,76,28,1,1,0.36019833497470244,Honduras
Brañas-Garza2021,Brañas-Garza et al. 2021,HL,77,37,1,1,0.028420143676921722,Honduras
Brañas-Garza2021,Brañas-Garza et al. 2021,HL,78,23,1,1,0.6336550658312626,Honduras
Brañas-Garza2021,Brañas-Garza et al. 2021,HL,79,30,1,2,0.8129073831345885,Honduras
Brañas-Garza2021,Brañas-Garza et al. 2021,HL,80,23,1,1,0.2529120595287532,Honduras
Brañas-Garza2021,Brañas-Garza et al. 2021,HL,81,42,0,5,2.6,Nigeria
Brañas-Garza2021,Brañas-Garza et al. 2021,HL,82,28,1,2,0.7281940739694983,Nigeria
Brañas-Garza2021,Brañas-Garza et al. 2021,HL,83,40,0,5,2.6,Nigeria
Brañas-Garza2021,Brañas-Garza et al. 2021,HL,84,60,0,4,1.5614330846001394,Nigeria
Brañas-Garza2021,Brañas-Garza et al. 2021,HL,85,45,1,4,2.1430307350540536,Nigeria
Brañas-Garza2021,Brañas-Garza et al. 2021,HL,86,40,1,0,-0.21,Nigeria
Brañas-Garza2021,Brañas-Garza et al. 2021,HL,87,40,0,2,0.7052128464542329,Nigeria
Brañas-Garza2021,Brañas-Garza et al. 2021,HL,88,42,0,3,1.007137167896144,Nigeria
Brañas-Garza2021,Brañas-Garza et al. 2021,HL,89,55,0,2,0.8173434368893504,Nigeria
Brañas-Garza2021,Brañas-Garza et al. 2021,HL,90,29,1,5,2.6,Nigeria
Brañas-Garza2021,Brañas-Garza et al. 2021,HL,91,66,0,5,2.6,Nigeria
Brañas-Garza2021,Brañas-Garza et al. 2021,HL,92,50,0,0,-0.21,Nigeria
Brañas-Garza2021,Brañas-Garza et al. 2021,HL,93,26,1,3,1.0455369943147526,Nigeria
Brañas-Garza2021,Brañas-Garza et al. 2021,HL,94,39,1,5,2.6,Nigeria
Brañas-Garza2021,Brañas-Garza et al. 2021,HL,95,35,0,2,0.7574953665584325,Nigeria
Brañas-Garza2021,Brañas-Garza et al. 2021,HL,96,40,1,1,-0.037421078423503784,Nigeria
Brañas-Garza2021,Brañas-Garza et al. 2021,HL,97,31,1,3,1.0536863538413308,Nigeria
Brañas-Garza2021,Brañas-Garza et al. 2021,HL,98,38,1,3,0.8848832737631165,Nigeria
Brañas-Garza2021,Brañas-Garza et al. 2021,HL,99,42,1,5,2.6,Nigeria
Brañas-Garza2021,Brañas-Garza et al. 2021,HL,100,63,0,5,2.6,Nigeria
Brañas-Garza2021,Brañas-Garza et al. 2021,HL,101,30,0,5,2.6,Nigeria
Brañas-Garza2021,Brañas-Garza et al. 2021,HL,102,64,0,3,0.8602523948648013,Nigeria
Brañas-Garza2021,Brañas-Garza et al. 2021,HL,103,46,0,0,-0.21,Nigeria
Brañas-Garza2021,Brañas-Garza et al. 2021,HL,104,50,0,4,1.6387106278282593,Nigeria
Brañas-Garza2021,Brañas-Garza et al. 2021,HL,105,33,1,3,1.0939635326550343,Nigeria
Brañas-Garza2021,Brañas-Garza et al. 2021,HL,106,25,1,3,1.0801258180942388,Nigeria
Brañas-Garza2021,Brañas-Garza et al. 2021,HL,107,29,1,5,2.6,Nigeria
Brañas-Garza2021,Brañas-Garza et al. 2021,HL,108,50,0,3,1.0430357886850834,Nigeria
Brañas-Garza2021,Brañas-Garza et al. 2021,HL,109,45,0,4,1.1170229837438093,Nigeria
Brañas-Garza2021,Brañas-Garza et al. 2021,HL,110,39,1,0,-0.21,Nigeria
Brañas-Garza2021,Brañas-Garza et al. 2021,HL,111,35,1,4,1.1336534867505543,Nigeria
Brañas-Garza2021,Brañas-Garza et al. 2021,HL,112,40,0,4,2.2693963936530057,Nigeria
Brañas-Garza2021,Brañas-Garza et al. 2021,HL,113,30,1,5,2.6,Nigeria
Brañas-Garza2021,Brañas-Garza et al. 2021,HL,114,43,0,1,0.35588989737210797,Nigeria
Brañas-Garza2021,Brañas-Garza et al. 2021,HL,115,38,0,4,2.357862023059279,Nigeria
Brañas-Garza2021,Brañas-Garza et al. 2021,HL,116,43,1,0,-0.21,Nigeria
Brañas-Garza2021,Brañas-Garza et al. 2021,HL,117,45,1,0,-0.21,Nigeria
Brañas-Garza2021,Brañas-Garza et al. 2021,HL,118,35,1,5,2.6,Nigeria
Brañas-Garza2021,Brañas-Garza et al. 2021,HL,119,35,0,3,1.0256700123287739,Nigeria
Brañas-Garza2021,Brañas-Garza et al. 2021,HL,120,45,0,3,0.8429930702922865,Nigeria
Brañas-Garza2021,Brañas-Garza et al. 2021,HL,121,50,0,3,0.9329354799329304,Nigeria
Brañas-Garza2021,Brañas-Garza et al. 2021,HL,122,35,0,5,2.6,Nigeria
Brañas-Garza2021,Brañas-Garza et al. 2021,HL,123,33,0,0,-0.21,Nigeria
Brañas-Garza2021,Brañas-Garza et al. 2021,HL,124,32,1,5,2.6,Nigeria
Brañas-Garza2021,Brañas-Garza et al. 2021,HL,125,34,0,5,2.6,Nigeria
Brañas-Garza2021,Brañas-Garza et al. 2021,HL,126,56,0,3,1.0434703345829621,Nigeria
Brañas-Garza2021,Brañas-Garza et al. 2021,HL,127,43,0,1,0.1821135088428855,Nigeria
Brañas-Garza2021,Brañas-Garza et al. 2021,HL,128,28,1,4,1.8259827204514296,Nigeria
Brañas-Garza2021,Brañas-Garza et al. 2021,HL,129,32,1,1,0.03113163147121667,Nigeria
Brañas-Garza2021,Brañas-Garza et al. 2021,HL,130,38,1,5,2.6,Nigeria
Brañas-Garza2021,Brañas-Garza et al. 2021,HL,131,40,1,5,2.6,Nigeria
Brañas-Garza2021,Brañas-Garza et al. 2021,HL,132,25,0,5,2.6,Nigeria
Brañas-Garza2021,Brañas-Garza et al. 2021,HL,133,39,1,5,2.6,Nigeria
Brañas-Garza2021,Brañas-Garza et al. 2021,HL,134,41,0,4,1.2989676675992088,Nigeria
Brañas-Garza2021,Brañas-Garza et al. 2021,HL,135,30,1,0,-0.21,Nigeria
Brañas-Garza2021,Brañas-Garza et al. 2021,HL,136,23,1,0,-0.21,Nigeria
Brañas-Garza2021,Brañas-Garza et al. 2021,HL,137,49,0,5,2.6,Nigeria
Brañas-Garza2021,Brañas-Garza et al. 2021,HL,138,56,0,1,0.27843980222009124,Nigeria
Brañas-Garza2021,Brañas-Garza et al. 2021,HL,139,31,1,3,1.0825616453192197,Nigeria
Brañas-Garza2021,Brañas-Garza et al. 2021,HL,140,33,1,1,0.24504921190440657,Nigeria
Brañas-Garza2021,Brañas-Garza et al. 2021,HL,141,34,1,2,0.7639399147685617,Nigeria
Brañas-Garza2021,Brañas-Garza et al. 2021,HL,142,53,0,2,0.6410598722379655,Nigeria
Brañas-Garza2021,Brañas-Garza et al. 2021,HL,143,40,0,4,2.0271821621293205,Nigeria
Brañas-Garza2021,Brañas-Garza et al. 2021,HL,144,32,0,2,0.672503187051043,Nigeria
Brañas-Garza2021,Brañas-Garza et al. 2021,HL,145,67,1,3,0.9807675581099466,Nigeria
Brañas-Garza2021,Brañas-Garza et al. 2021,HL,146,40,0,5,2.6,Nigeria
Brañas-Garza2021,Brañas-Garza et al. 2021,HL,147,36,0,1,0.5871449873875827,Nigeria
Brañas-Garza2021,Brañas-Garza et al. 2021,HL,148,34,0,1,0.573438629261218,Nigeria
Brañas-Garza2021,Brañas-Garza et al. 2021,HL,149,40,1,5,2.6,Nigeria
Brañas-Garza2021,Brañas-Garza et al. 2021,HL,150,35,1,3,0.9216843066760338,Nigeria
Brañas-Garza2021,Brañas-Garza et al. 2021,HL,151,45,0,2,0.760980677055195,Nigeria
Brañas-Garza2021,Brañas-Garza et al. 2021,HL,152,45,0,5,2.6,Nigeria
Brañas-Garza2021,Brañas-Garza et al. 2021,HL,153,37,0,1,0.5695038788462989,Nigeria
Brañas-Garza2021,Brañas-Garza et al. 2021,HL,154,40,0,2,0.7040109524130821,Nigeria
Brañas-Garza2021,Brañas-Garza et al. 2021,HL,155,25,1,3,1.0153394572553225,Nigeria
Brañas-Garza2021,Brañas-Garza et al. 2021,HL,156,53,0,5,2.6,Nigeria
Brañas-Garza2021,Brañas-Garza et al. 2021,HL,157,35,0,0,-0.21,Nigeria
Brañas-Garza2021,Brañas-Garza et al. 2021,HL,158,30,1,5,2.6,Nigeria
Brañas-Garza2021,Brañas-Garza et al. 2021,HL,159,39,0,2,0.7259466712456196,Nigeria
Brañas-Garza2021,Brañas-Garza et al. 2021,HL,160,40,0,0,-0.21,Nigeria
Brañas-Garza2021,Brañas-Garza et al. 2021,HL,161,37,0,3,0.9983872116473504,Nigeria
Brañas-Garza2021,Brañas-Garza et al. 2021,HL,162,38,0,2,0.8295784887485206,Nigeria
Brañas-Garza2021,Brañas-Garza et al. 2021,HL,163,31,1,2,0.696838204851374,Nigeria
Brañas-Garza2021,Brañas-Garza et al. 2021,HL,164,61,0,3,1.0136262802546845,Nigeria
Brañas-Garza2021,Brañas-Garza et al. 2021,HL,165,51,0,5,2.6,Nigeria
Brañas-Garza2021,Brañas-Garza et al. 2021,HL,166,50,1,1,0.6300713748182171,Nigeria
Brañas-Garza2021,Brañas-Garza et al. 2021,HL,167,43,1,5,2.6,Nigeria
Brañas-Garza2021,Brañas-Garza et al. 2021,HL,168,46,0,1,0.39457406062632805,Nigeria
Brañas-Garza2021,Brañas-Garza et al. 2021,HL,169,35,0,4,2.5817197720427068,Nigeria
Brañas-Garza2021,Brañas-Garza et al. 2021,HL,170,51,0,2,0.7236300463881343,Nigeria
Brañas-Garza2021,Brañas-Garza et al. 2021,HL,171,44,0,4,1.656787419107277,Nigeria
Brañas-Garza2021,Brañas-Garza et al. 2021,HL,172,40,0,3,0.9901117409812287,Nigeria
Brañas-Garza2021,Brañas-Garza et al. 2021,HL,173,45,0,1,0.17881458404939624,Nigeria
Brañas-Garza2021,Brañas-Garza et al. 2021,HL,174,31,1,5,2.6,Nigeria
Brañas-Garza2021,Brañas-Garza et al. 2021,HL,175,39,1,5,2.6,Nigeria
Brañas-Garza2021,Brañas-Garza et al. 2021,HL,176,40,0,3,0.9119121290557086,Nigeria
Brañas-Garza2021,Brañas-Garza et al. 2021,HL,177,59,0,3,0.9974182610213758,Nigeria
Brañas-Garza2021,Brañas-Garza et al. 2021,HL,178,28,1,1,0.530793655323796,Nigeria
Brañas-Garza2021,Brañas-Garza et al. 2021,HL,179,38,1,3,1.056617342582904,Nigeria
Brañas-Garza2021,Brañas-Garza et al. 2021,HL,180,67,0,2,0.807659712349996,Nigeria
Brañas-Garza2021,Brañas-Garza et al. 2021,HL,181,42,1,3,1.0685556797473692,Nigeria
Brañas-Garza2021,Brañas-Garza et al. 2021,HL,182,45,0,2,0.6566441780515015,Nigeria
Brañas-Garza2021,Brañas-Garza et al. 2021,HL,183,32,1,3,1.100551785619464,Nigeria
Brañas-Garza2021,Brañas-Garza et al. 2021,HL,184,40,0,5,2.6,Nigeria
Brañas-Garza2021,Brañas-Garza et al. 2021,HL,185,27,1,4,1.3313126864493825,Nigeria
Brañas-Garza2021,Brañas-Garza et al. 2021,HL,186,30,1,1,-0.09499343360308557,Nigeria
Brañas-Garza2021,Brañas-Garza et al. 2021,HL,187,43,0,2,0.6965839170012623,Nigeria
Brañas-Garza2021,Brañas-Garza et al. 2021,HL,188,23,1,1,-0.03516427047085016,Nigeria
Brañas-Garza2021,Brañas-Garza et al. 2021,HL,189,29,1,5,2.6,Nigeria
Brañas-Garza2021,Brañas-Garza et al. 2021,HL,190,46,0,3,1.0585794308013283,Nigeria
Brañas-Garza2021,Brañas-Garza et al. 2021,HL,191,43,0,2,0.8124611504469067,Nigeria
Brañas-Garza2021,Brañas-Garza et al. 2021,HL,192,27,1,5,2.6,Nigeria
Brañas-Garza2021,Brañas-Garza et al. 2021,HL,193,29,1,4,1.9213774174405263,Nigeria
Brañas-Garza2021,Brañas-Garza et al. 2021,HL,194,40,0,4,1.157136670581531,Nigeria
Brañas-Garza2021,Brañas-Garza et al. 2021,HL,195,30,0,1,0.5070753876096569,Nigeria
Brañas-Garza2021,Brañas-Garza et al. 2021,HL,196,35,0,5,2.6,Nigeria
Brañas-Garza2021,Brañas-Garza et al. 2021,HL,197,40,0,3,1.013763637561351,Nigeria
Brañas-Garza2021,Brañas-Garza et al. 2021,HL,198,40,1,2,0.7435778667312115,Nigeria
Brañas-Garza2021,Brañas-Garza et al. 2021,HL,199,65,0,4,1.9402063921187074,Nigeria
Brañas-Garza2021,Brañas-Garza et al. 2021,HL,200,35,1,4,1.1544617369933987,Nigeria
Brañas-Garza2021,Brañas-Garza et al. 2021,HL,201,40,0,5,2.6,Nigeria
Brañas-Garza2021,Brañas-Garza et al. 2021,HL,202,35,1,2,0.6492467014677823,Nigeria
Brañas-Garza2021,Brañas-Garza et al. 2021,HL,203,60,0,3,1.0814774192799814,Nigeria
Brañas-Garza2021,Brañas-Garza et al. 2021,HL,204,42,0,3,1.0963191560679117,Nigeria
Brañas-Garza2021,Brañas-Garza et al. 2021,HL,205,30,1,3,1.0811797755514272,Nigeria
Brañas-Garza2021,Brañas-Garza et al. 2021,HL,206,53,0,5,2.6,Nigeria
Brañas-Garza2021,Brañas-Garza et al. 2021,HL,207,40,0,5,2.6,Nigeria
Brañas-Garza2021,Brañas-Garza et al. 2021,HL,208,35,1,3,0.8690733918920159,Nigeria
Brañas-Garza2021,Brañas-Garza et al. 2021,HL,209,60,0,4,2.1827396005531776,Nigeria
Brañas-Garza2021,Brañas-Garza et al. 2021,HL,210,30,1,4,2.516054053751286,Nigeria
Brañas-Garza2021,Brañas-Garza et al. 2021,HL,211,39,0,3,1.089663831323851,Nigeria
Brañas-Garza2021,Brañas-Garza et al. 2021,HL,212,28,1,5,2.6,Nigeria
Brañas-Garza2021,Brañas-Garza et al. 2021,HL,213,30,1,4,1.6092245372850449,Nigeria
Brañas-Garza2021,Brañas-Garza et al. 2021,HL,214,40,0,2,0.7882507314067334,Nigeria
Brañas-Garza2021,Brañas-Garza et al. 2021,HL,215,65,0,3,0.974206677696202,Nigeria
Brañas-Garza2021,Brañas-Garza et al. 2021,HL,216,35,1,2,0.8045518857520073,Nigeria
Brañas-Garza2021,Brañas-Garza et al. 2021,HL,217,60,0,3,0.9845014438871295,Nigeria
Brañas-Garza2021,Brañas-Garza et al. 2021,HL,218,30,1,2,0.7629777043219655,Nigeria
Brañas-Garza2021,Brañas-Garza et al. 2021,HL,219,37,0,5,2.6,Nigeria
Brañas-Garza2021,Brañas-Garza et al. 2021,HL,220,32,1,2,0.7195686029363424,Nigeria
Brañas-Garza2021,Brañas-Garza et al. 2021,HL,221,25,1,2,0.7261341461539268,Nigeria
Brañas-Garza2021,Brañas-Garza et al. 2021,HL,222,40,1,3,0.9876629432220944,Nigeria
Brañas-Garza2021,Brañas-Garza et al. 2021,HL,223,40,1,4,2.0600494634336792,Nigeria
Brañas-Garza2021,Brañas-Garza et al. 2021,HL,224,40,0,3,0.9075912605063059,Nigeria
Brañas-Garza2021,Brañas-Garza et al. 2021,HL,225,50,0,0,-0.21,Nigeria
Brañas-Garza2021,Brañas-Garza et al. 2021,HL,226,50,0,0,-0.21,Nigeria
Brañas-Garza2021,Brañas-Garza et al. 2021,HL,227,35,0,5,2.6,Nigeria
Brañas-Garza2021,Brañas-Garza et al. 2021,HL,228,53,0,3,0.902793694557622,Nigeria
Brañas-Garza2021,Brañas-Garza et al. 2021,HL,229,25,1,2,0.7209679001569748,Nigeria
Brañas-Garza2021,Brañas-Garza et al. 2021,HL,230,40,0,4,2.5373791551054454,Nigeria
Brañas-Garza2021,Brañas-Garza et al. 2021,HL,231,51,0,1,0.18590875389985742,Nigeria
Brañas-Garza2021,Brañas-Garza et al. 2021,HL,232,43,1,3,1.083807020026725,Nigeria
Brañas-Garza2021,Brañas-Garza et al. 2021,HL,233,35,1,4,2.268735686196014,Nigeria
Brañas-Garza2021,Brañas-Garza et al. 2021,HL,234,32,1,2,0.695057944310829,Nigeria
Brañas-Garza2021,Brañas-Garza et al. 2021,HL,235,36,0,5,2.6,Nigeria
Brañas-Garza2021,Brañas-Garza et al. 2021,HL,236,50,0,5,2.6,Nigeria
Brañas-Garza2021,Brañas-Garza et al. 2021,HL,237,58,0,3,0.9769937708065846,Nigeria
Brañas-Garza2021,Brañas-Garza et al. 2021,HL,238,40,0,3,0.859189864480868,Nigeria
Brañas-Garza2021,Brañas-Garza et al. 2021,HL,239,30,1,5,2.6,Nigeria
Brañas-Garza2021,Brañas-Garza et al. 2021,HL,240,40,1,4,1.7214807542599737,Nigeria
Brañas-Garza2021,Brañas-Garza et al. 2021,HL,241,35,1,5,2.6,Nigeria
Brañas-Garza2021,Brañas-Garza et al. 2021,HL,242,35,0,0,-0.21,Nigeria
Brañas-Garza2021,Brañas-Garza et al. 2021,HL,243,40,0,4,1.747742788088508,Nigeria
Brañas-Garza2021,Brañas-Garza et al. 2021,HL,244,65,0,2,0.6527177100628615,Nigeria
Brañas-Garza2021,Brañas-Garza et al. 2021,HL,245,43,0,5,2.6,Nigeria
Brañas-Garza2021,Brañas-Garza et al. 2021,HL,246,50,1,2,0.7765584115032107,Nigeria
Brañas-Garza2021,Brañas-Garza et al. 2021,HL,247,25,1,3,1.0182380969217049,Nigeria
Brañas-Garza2021,Brañas-Garza et al. 2021,HL,248,40,1,5,2.6,Nigeria
Brañas-Garza2021,Brañas-Garza et al. 2021,HL,249,63,0,4,1.7599217123840938,Nigeria
Brañas-Garza2021,Brañas-Garza et al. 2021,HL,250,56,0,3,0.949029247686267,Nigeria
Brañas-Garza2021,Brañas-Garza et al. 2021,HL,251,34,1,4,2.1950482019758786,Nigeria
Brañas-Garza2021,Brañas-Garza et al. 2021,HL,252,70,0,3,0.9195425011916086,Nigeria
Brañas-Garza2021,Brañas-Garza et al. 2021,HL,253,51,0,3,1.0620081808744,Nigeria
Brañas-Garza2021,Brañas-Garza et al. 2021,HL,254,47,0,1,-0.17907199717825278,Nigeria
Brañas-Garza2021,Brañas-Garza et al. 2021,HL,255,37,1,0,-0.21,Nigeria
Brañas-Garza2021,Brañas-Garza et al. 2021,HL,256,35,1,2,0.818139265300706,Nigeria
Brañas-Garza2021,Brañas-Garza et al. 2021,HL,257,50,0,3,0.9970661514345557,Nigeria
Brañas-Garza2021,Brañas-Garza et al. 2021,HL,258,40,0,2,0.8194480502605438,Nigeria
Brañas-Garza2021,Brañas-Garza et al. 2021,HL,259,45,1,4,2.2946686176280493,Nigeria
Brañas-Garza2021,Brañas-Garza et al. 2021,HL,260,50,1,4,2.1131647231872197,Nigeria
Brañas-Garza2021,Brañas-Garza et al. 2021,HL,261,32,1,3,1.0977588230604307,Nigeria
Brañas-Garza2021,Brañas-Garza et al. 2021,HL,262,43,0,3,0.8441969365999102,Nigeria
Brañas-Garza2021,Brañas-Garza et al. 2021,HL,263,45,1,4,1.476979616896715,Nigeria
Brañas-Garza2021,Brañas-Garza et al. 2021,HL,264,39,0,3,1.0635712186270394,Nigeria
Brañas-Garza2021,Brañas-Garza et al. 2021,HL,265,35,1,0,-0.21,Nigeria
Brañas-Garza2021,Brañas-Garza et al. 2021,HL,266,52,0,4,1.2910204202774913,Nigeria
Brañas-Garza2021,Brañas-Garza et al. 2021,HL,267,25,1,5,2.6,Nigeria
Brañas-Garza2021,Brañas-Garza et al. 2021,HL,268,37,1,5,2.6,Nigeria
Brañas-Garza2021,Brañas-Garza et al. 2021,HL,269,35,0,4,1.5477499461499975,Nigeria
Brañas-Garza2021,Brañas-Garza et al. 2021,HL,270,30,1,5,2.6,Nigeria
Brañas-Garza2021,Brañas-Garza et al. 2021,HL,271,35,0,0,-0.21,Nigeria
Brañas-Garza2021,Brañas-Garza et al. 2021,HL,272,30,1,1,0.22408232766669242,Nigeria
Brañas-Garza2021,Brañas-Garza et al. 2021,HL,273,27,1,3,0.9435757083166391,Nigeria
Brañas-Garza2021,Brañas-Garza et al. 2021,HL,274,40,1,3,0.9892192746140063,Nigeria
Brañas-Garza2021,Brañas-Garza et al. 2021,HL,275,30,1,1,-0.18108884840272366,Nigeria
Brañas-Garza2021,Brañas-Garza et al. 2021,HL,276,46,0,2,0.8199656839109957,Nigeria
Brañas-Garza2021,Brañas-Garza et al. 2021,HL,277,60,0,4,2.3274591585434976,Nigeria
Brañas-Garza2021,Brañas-Garza et al. 2021,HL,278,40,0,2,0.8263033087924123,Nigeria
Brañas-Garza2021,Brañas-Garza et al. 2021,HL,279,47,0,2,0.7117676235828548,Nigeria
Brañas-Garza2021,Brañas-Garza et al. 2021,HL,280,30,0,5,2.6,Nigeria
Brañas-Garza2021,Brañas-Garza et al. 2021,HL,281,50,0,5,2.6,Nigeria
Brañas-Garza2021,Brañas-Garza et al. 2021,HL,282,46,0,5,2.6,Nigeria
Brañas-Garza2021,Brañas-Garza et al. 2021,HL,283,48,1,2,0.6453695213980973,Nigeria
Brañas-Garza2021,Brañas-Garza et al. 2021,HL,284,40,0,2,0.6427816875372082,Nigeria
Brañas-Garza2021,Brañas-Garza et al. 2021,HL,285,40,0,4,1.6164911900949666,Nigeria
Brañas-Garza2021,Brañas-Garza et al. 2021,HL,286,54,0,3,0.8550445176986977,Nigeria
Brañas-Garza2021,Brañas-Garza et al. 2021,HL,287,50,0,4,1.1351464462024161,Nigeria
Brañas-Garza2021,Brañas-Garza et al. 2021,HL,288,50,1,5,2.6,Nigeria
Brañas-Garza2021,Brañas-Garza et al. 2021,HL,289,58,0,3,0.9037996702920645,Nigeria
Brañas-Garza2021,Brañas-Garza et al. 2021,HL,290,50,0,0,-0.21,Nigeria
Brañas-Garza2021,Brañas-Garza et al. 2021,HL,291,33,1,1,0.19517587554641067,Nigeria
Brañas-Garza2021,Brañas-Garza et al. 2021,HL,292,47,0,2,0.8197618110664189,Nigeria
Brañas-Garza2021,Brañas-Garza et al. 2021,HL,293,40,1,2,0.6923026930633932,Nigeria
Brañas-Garza2021,Brañas-Garza et al. 2021,HL,294,38,1,4,1.3261673917598091,Nigeria
Brañas-Garza2021,Brañas-Garza et al. 2021,HL,295,50,0,4,1.3115961430617609,Nigeria
Brañas-Garza2021,Brañas-Garza et al. 2021,HL,296,45,0,2,0.6838055058009922,Nigeria
Brañas-Garza2021,Brañas-Garza et al. 2021,HL,297,45,0,3,1.092576337843202,Nigeria
Brañas-Garza2021,Brañas-Garza et al. 2021,HL,298,40,1,0,-0.21,Nigeria
Brañas-Garza2021,Brañas-Garza et al. 2021,HL,299,39,0,1,0.3850890418491326,Nigeria
Brañas-Garza2021,Brañas-Garza et al. 2021,HL,300,45,0,3,1.0149442538945004,Nigeria
Brañas-Garza2021,Brañas-Garza et al. 2021,HL,301,45,0,5,2.6,Nigeria
Brañas-Garza2021,Brañas-Garza et al. 2021,HL,302,45,0,5,2.6,Nigeria
Brañas-Garza2021,Brañas-Garza et al. 2021,HL,303,70,0,4,2.2089405914442617,Nigeria
Brañas-Garza2021,Brañas-Garza et al. 2021,HL,304,40,0,5,2.6,Nigeria
Brañas-Garza2021,Brañas-Garza et al. 2021,HL,305,32,1,2,0.7142100568022579,Nigeria
Brañas-Garza2021,Brañas-Garza et al. 2021,HL,306,30,1,1,-0.11214465640019625,Nigeria
Brañas-Garza2021,Brañas-Garza et al. 2021,HL,307,42,0,1,0.1851950243441388,Nigeria
Brañas-Garza2021,Brañas-Garza et al. 2021,HL,308,29,0,1,0.23235017576720565,Nigeria
Brañas-Garza2021,Brañas-Garza et al. 2021,HL,309,58,0,3,0.9252644476876595,Nigeria
Brañas-Garza2021,Brañas-Garza et al. 2021,HL,310,42,1,3,0.8462805026723071,Nigeria
Brañas-Garza2021,Brañas-Garza et al. 2021,HL,311,30,1,3,0.9565523271658458,Nigeria
Brañas-Garza2021,Brañas-Garza et al. 2021,HL,312,50,1,4,1.835867650685832,Nigeria
Brañas-Garza2021,Brañas-Garza et al. 2021,HL,313,30,1,4,2.155794216298964,Nigeria
Brañas-Garza2021,Brañas-Garza et al. 2021,HL,314,42,1,4,2.46390676087467,Nigeria
Brañas-Garza2021,Brañas-Garza et al. 2021,HL,315,37,0,1,-0.09178142162505537,Nigeria
Brañas-Garza2021,Brañas-Garza et al. 2021,HL,316,24,1,5,2.6,Nigeria
Brañas-Garza2021,Brañas-Garza et al. 2021,HL,317,45,1,5,2.6,Nigeria
Brañas-Garza2021,Brañas-Garza et al. 2021,HL,318,38,0,5,2.6,Nigeria
Brañas-Garza2021,Brañas-Garza et al. 2021,HL,319,45,0,5,2.6,Nigeria
Brañas-Garza2021,Brañas-Garza et al. 2021,HL,320,45,0,5,2.6,Nigeria
Brañas-Garza2021,Brañas-Garza et al. 2021,HL,321,41,0,3,1.0707090936857275,Nigeria
Brañas-Garza2021,Brañas-Garza et al. 2021,HL,322,60,1,4,2.3384658664558087,Nigeria
Brañas-Garza2021,Brañas-Garza et al. 2021,HL,323,36,1,2,0.7893007380980999,Nigeria
Brañas-Garza2021,Brañas-Garza et al. 2021,HL,324,54,0,5,2.6,Nigeria
Brañas-Garza2021,Brañas-Garza et al. 2021,HL,325,28,0,5,2.6,Nigeria
Brañas-Garza2021,Brañas-Garza et al. 2021,HL,326,56,0,2,0.8282073290646076,Nigeria
Brañas-Garza2021,Brañas-Garza et al. 2021,HL,327,30,1,5,2.6,Nigeria
Brañas-Garza2021,Brañas-Garza et al. 2021,HL,328,55,0,0,-0.21,Nigeria
Brañas-Garza2021,Brañas-Garza et al. 2021,HL,329,28,1,4,1.4134606986260043,Nigeria
Brañas-Garza2021,Brañas-Garza et al. 2021,HL,330,27,1,2,0.8031455596536398,Nigeria
Brañas-Garza2021,Brañas-Garza et al. 2021,HL,331,32,1,5,2.6,Nigeria
Brañas-Garza2021,Brañas-Garza et al. 2021,HL,332,25,1,1,0.5779497840069234,Nigeria
Brañas-Garza2021,Brañas-Garza et al. 2021,HL,333,76,0,4,2.4460567912994886,Nigeria
Brañas-Garza2021,Brañas-Garza et al. 2021,HL,334,43,0,5,2.6,Nigeria
Brañas-Garza2021,Brañas-Garza et al. 2021,HL,335,55,0,5,2.6,Nigeria
Brañas-Garza2021,Brañas-Garza et al. 2021,HL,336,75,1,4,2.0564032537210735,Nigeria
Brañas-Garza2021,Brañas-Garza et al. 2021,HL,337,60,0,4,1.2409848217829131,Nigeria
Brañas-Garza2021,Brañas-Garza et al. 2021,HL,338,40,0,3,0.8782157793757506,Nigeria
Brañas-Garza2021,Brañas-Garza et al. 2021,HL,339,34,1,3,0.9195511007728056,Nigeria
Brañas-Garza2021,Brañas-Garza et al. 2021,HL,340,40,0,3,1.0540803132439032,Nigeria
Brañas-Garza2021,Brañas-Garza et al. 2021,HL,341,40,0,5,2.6,Nigeria
Brañas-Garza2021,Brañas-Garza et al. 2021,HL,342,67,0,4,1.3305991118634122,Nigeria
Brañas-Garza2021,Brañas-Garza et al. 2021,HL,343,34,0,0,-0.21,Nigeria
Brañas-Garza2021,Brañas-Garza et al. 2021,HL,344,58,0,5,2.6,Nigeria
Brañas-Garza2021,Brañas-Garza et al. 2021,HL,345,32,1,1,0.577290882342495,Nigeria
Brañas-Garza2021,Brañas-Garza et al. 2021,HL,346,35,1,1,-0.05658993555931374,Nigeria
Brañas-Garza2021,Brañas-Garza et al. 2021,HL,347,47,0,5,2.6,Nigeria
Brañas-Garza2021,Brañas-Garza et al. 2021,HL,348,34,1,4,1.4167014746903444,Nigeria
Brañas-Garza2021,Brañas-Garza et al. 2021,HL,349,33,0,3,0.9305445662769489,Nigeria
Brañas-Garza2021,Brañas-Garza et al. 2021,HL,350,50,0,3,1.0489495089347476,Nigeria
Brañas-Garza2021,Brañas-Garza et al. 2021,HL,351,33,0,4,1.2803377532330342,Nigeria
Brañas-Garza2021,Brañas-Garza et al. 2021,HL,352,45,0,3,0.9403274953225628,Nigeria
Brañas-Garza2021,Brañas-Garza et al. 2021,HL,353,32,0,3,1.1078689741040582,Nigeria
Brañas-Garza2021,Brañas-Garza et al. 2021,HL,354,47,0,5,2.6,Nigeria
Brañas-Garza2021,Brañas-Garza et al. 2021,HL,355,35,0,2,0.6535589185636491,Nigeria
Brañas-Garza2021,Brañas-Garza et al. 2021,HL,356,45,0,3,0.8720186680485494,Nigeria
Brañas-Garza2021,Brañas-Garza et al. 2021,HL,357,50,0,5,2.6,Nigeria
Brañas-Garza2021,Brañas-Garza et al. 2021,HL,358,39,0,0,-0.21,Nigeria
Brañas-Garza2021,Brañas-Garza et al. 2021,HL,359,60,0,3,1.0606495128013194,Nigeria
Brañas-Garza2021,Brañas-Garza et al. 2021,HL,360,41,1,5,2.6,Nigeria
Brañas-Garza2021,Brañas-Garza et al. 2021,HL,361,31,1,3,0.9078513421397656,Nigeria
Brañas-Garza2021,Brañas-Garza et al. 2021,HL,362,35,0,3,1.027335722402204,Nigeria
Brañas-Garza2021,Brañas-Garza et al. 2021,HL,363,32,1,3,0.8569289262942038,Nigeria
Brañas-Garza2021,Brañas-Garza et al. 2021,HL,364,50,0,2,0.777619964312762,Nigeria
Brañas-Garza2021,Brañas-Garza et al. 2021,HL,365,29,0,5,2.6,Nigeria
Brañas-Garza2021,Brañas-Garza et al. 2021,HL,366,30,1,5,2.6,Nigeria
Brañas-Garza2021,Brañas-Garza et al. 2021,HL,367,30,1,3,0.8622631007409655,Nigeria
Brañas-Garza2021,Brañas-Garza et al. 2021,HL,368,41,0,3,0.9781825827551075,Nigeria
Brañas-Garza2021,Brañas-Garza et al. 2021,HL,369,55,0,2,0.7473818520642816,Nigeria
Brañas-Garza2021,Brañas-Garza et al. 2021,HL,370,65,0,0,-0.21,Nigeria
Brañas-Garza2021,Brañas-Garza et al. 2021,HL,371,26,1,1,0.016256333163473746,Nigeria
Brañas-Garza2021,Brañas-Garza et al. 2021,HL,372,41,0,3,0.958221804946661,Nigeria
Brañas-Garza2021,Brañas-Garza et al. 2021,HL,373,55,0,4,1.481409015080426,Nigeria
Brañas-Garza2021,Brañas-Garza et al. 2021,HL,374,32,1,2,0.6871609399653971,Nigeria
Brañas-Garza2021,Brañas-Garza et al. 2021,HL,375,30,1,2,0.7079400771390647,Nigeria
Brañas-Garza2021,Brañas-Garza et al. 2021,HL,376,43,0,4,1.8294834779971278,Nigeria
Brañas-Garza2021,Brañas-Garza et al. 2021,HL,377,35,1,3,1.0402127642417327,Nigeria
Brañas-Garza2021,Brañas-Garza et al. 2021,HL,378,40,1,4,1.2567372508696282,Nigeria
Brañas-Garza2021,Brañas-Garza et al. 2021,HL,379,40,0,3,1.0748826374206693,Nigeria
Brañas-Garza2021,Brañas-Garza et al. 2021,HL,380,45,0,5,2.6,Nigeria
Brañas-Garza2021,Brañas-Garza et al. 2021,HL,381,49,0,5,2.6,Nigeria
Brañas-Garza2021,Brañas-Garza et al. 2021,HL,382,33,1,3,0.8804283699067309,Nigeria
Brañas-Garza2021,Brañas-Garza et al. 2021,HL,383,50,0,2,0.7169249147735536,Nigeria
Brañas-Garza2021,Brañas-Garza et al. 2021,HL,384,33,1,1,0.40753794571850455,Nigeria
Brañas-Garza2021,Brañas-Garza et al. 2021,HL,385,45,0,5,2.6,Nigeria
Brañas-Garza2021,Brañas-Garza et al. 2021,HL,386,40,1,5,2.6,Nigeria
Brañas-Garza2021,Brañas-Garza et al. 2021,HL,387,50,0,3,1.0525201048236341,Nigeria
Brañas-Garza2021,Brañas-Garza et al. 2021,HL,388,70,1,4,2.082638992231805,Nigeria
Brañas-Garza2021,Brañas-Garza et al. 2021,HL,389,40,1,2,0.7950159289501607,Nigeria
Brañas-Garza2021,Brañas-Garza et al. 2021,HL,390,50,0,0,-0.21,Nigeria
Brañas-Garza2021,Brañas-Garza et al. 2021,HL,391,38,0,5,2.6,Nigeria
Brañas-Garza2021,Brañas-Garza et al. 2021,HL,392,42,1,3,1.0860006671003066,Nigeria
Brañas-Garza2021,Brañas-Garza et al. 2021,HL,393,47,0,3,1.0644250295637177,Nigeria
Brañas-Garza2021,Brañas-Garza et al. 2021,HL,394,38,0,3,1.0869773234403692,Nigeria
Brañas-Garza2021,Brañas-Garza et al. 2021,HL,395,38,0,0,-0.21,Nigeria
Brañas-Garza2021,Brañas-Garza et al. 2021,HL,396,25,1,1,0.2951646285224706,Nigeria
Brañas-Garza2021,Brañas-Garza et al. 2021,HL,397,28,1,2,0.6764340743049979,Nigeria
Brañas-Garza2021,Brañas-Garza et al. 2021,HL,398,35,0,5,2.6,Nigeria
Brañas-Garza2021,Brañas-Garza et al. 2021,HL,399,60,0,3,0.994812461247202,Nigeria
Brañas-Garza2021,Brañas-Garza et al. 2021,HL,400,35,1,3,1.0951175734307617,Nigeria
Brañas-Garza2021,Brañas-Garza et al. 2021,HL,401,60,0,0,-0.21,Nigeria
Brañas-Garza2021,Brañas-Garza et al. 2021,HL,402,46,0,2,0.715015846034512,Nigeria
Brañas-Garza2021,Brañas-Garza et al. 2021,HL,403,38,1,2,0.6485241456981748,Nigeria
Brañas-Garza2021,Brañas-Garza et al. 2021,HL,404,40,0,0,-0.21,Nigeria
Brañas-Garza2021,Brañas-Garza et al. 2021,HL,405,45,1,3,1.0476971474289896,Nigeria
Brañas-Garza2021,Brañas-Garza et al. 2021,HL,406,45,1,5,2.6,Nigeria
Brañas-Garza2021,Brañas-Garza et al. 2021,HL,407,30,0,3,0.8488071934785694,Nigeria
Brañas-Garza2021,Brañas-Garza et al. 2021,HL,408,55,0,3,1.020320241570007,Nigeria
Brañas-Garza2021,Brañas-Garza et al. 2021,HL,409,52,0,5,2.6,Nigeria
Brañas-Garza2021,Brañas-Garza et al. 2021,HL,410,45,0,3,0.9105426737875678,Nigeria
Brañas-Garza2021,Brañas-Garza et al. 2021,HL,411,50,0,0,-0.21,Nigeria
Brañas-Garza2021,Brañas-Garza et al. 2021,HL,412,45,0,5,2.6,Nigeria
Brañas-Garza2021,Brañas-Garza et al. 2021,HL,413,23,1,5,2.6,Nigeria
Brañas-Garza2021,Brañas-Garza et al. 2021,HL,414,57,0,5,2.6,Nigeria
Brañas-Garza2021,Brañas-Garza et al. 2021,HL,415,46,0,5,2.6,Nigeria
Brañas-Garza2021,Brañas-Garza et al. 2021,HL,416,43,0,4,2.197067170471419,Nigeria
Brañas-Garza2021,Brañas-Garza et al. 2021,HL,417,45,0,4,2.300853853854351,Nigeria
Brañas-Garza2021,Brañas-Garza et al. 2021,HL,418,35,1,0,-0.21,Nigeria
Brañas-Garza2021,Brañas-Garza et al. 2021,HL,419,34,0,1,0.457678458802402,Nigeria
Brañas-Garza2021,Brañas-Garza et al. 2021,HL,420,50,0,2,0.8219383820984513,Nigeria
Brañas-Garza2021,Brañas-Garza et al. 2021,HL,421,52,0,1,0.5209836427564732,Nigeria
Brañas-Garza2021,Brañas-Garza et al. 2021,HL,422,40,1,3,0.9299754004972056,Nigeria
Brañas-Garza2021,Brañas-Garza et al. 2021,HL,423,44,0,0,-0.21,Nigeria
Brañas-Garza2021,Brañas-Garza et al. 2021,HL,424,30,1,4,2.221619648889173,Nigeria
Brañas-Garza2021,Brañas-Garza et al. 2021,HL,425,30,1,5,2.6,Nigeria
Brañas-Garza2021,Brañas-Garza et al. 2021,HL,426,40,0,2,0.780163901913911,Nigeria
Brañas-Garza2021,Brañas-Garza et al. 2021,HL,427,42,0,0,-0.21,Nigeria
Brañas-Garza2021,Brañas-Garza et al. 2021,HL,428,19,1,2,0.7247293341532349,Spain
Brañas-Garza2021,Brañas-Garza et al. 2021,HL,429,20,0,3,1.0758551946328954,Spain
Brañas-Garza2021,Brañas-Garza et al. 2021,HL,430,20,1,2,0.810936587639153,Spain
Brañas-Garza2021,Brañas-Garza et al. 2021,HL,431,23,0,2,0.6798072499316186,Spain
Brañas-Garza2021,Brañas-Garza et al. 2021,HL,432,21,1,3,0.9573923564935103,Spain
Brañas-Garza2021,Brañas-Garza et al. 2021,HL,433,19,1,4,2.4193089495925233,Spain
Brañas-Garza2021,Brañas-Garza et al. 2021,HL,434,20,0,3,1.0348069604183547,Spain
Brañas-Garza2021,Brañas-Garza et al. 2021,HL,435,21,1,4,1.356416160655208,Spain
Brañas-Garza2021,Brañas-Garza et al. 2021,HL,436,21,0,3,0.9677880293992348,Spain
Brañas-Garza2021,Brañas-Garza et al. 2021,HL,437,19,1,4,2.2032474544481375,Spain
Brañas-Garza2021,Brañas-Garza et al. 2021,HL,438,22,0,3,1.100796545406338,Spain
Brañas-Garza2021,Brañas-Garza et al. 2021,HL,439,20,1,3,0.9836322435876355,Spain
Brañas-Garza2021,Brañas-Garza et al. 2021,HL,440,19,1,4,2.155626315784175,Spain
Brañas-Garza2021,Brañas-Garza et al. 2021,HL,441,22,0,4,2.340561473572161,Spain
Brañas-Garza2021,Brañas-Garza et al. 2021,HL,442,21,0,2,0.7351234500855207,Spain
Brañas-Garza2021,Brañas-Garza et al. 2021,HL,443,21,1,3,1.0300802454608493,Spain
Brañas-Garza2021,Brañas-Garza et al. 2021,HL,444,23,0,4,1.2627200759062545,Spain
Brañas-Garza2021,Brañas-Garza et al. 2021,HL,445,24,0,3,1.109595556848217,Spain
Brañas-Garza2021,Brañas-Garza et al. 2021,HL,446,18,0,3,0.8927143893786706,Spain
Brañas-Garza2021,Brañas-Garza et al. 2021,HL,447,19,0,2,0.6524798520468176,Spain
Brañas-Garza2021,Brañas-Garza et al. 2021,HL,448,22,0,5,2.6,Spain
Brañas-Garza2021,Brañas-Garza et al. 2021,HL,449,18,1,1,-0.00906304117757828,Spain
Brañas-Garza2021,Brañas-Garza et al. 2021,HL,450,23,1,4,2.452145268027671,Spain
Brañas-Garza2021,Brañas-Garza et al. 2021,HL,451,22,0,2,0.7998638372961432,Spain
Brañas-Garza2021,Brañas-Garza et al. 2021,HL,452,23,1,2,0.7394112675543875,Spain
Brañas-Garza2021,Brañas-Garza et al. 2021,HL,453,22,1,4,1.2118950909096748,Spain
Brañas-Garza2021,Brañas-Garza et al. 2021,HL,454,22,0,3,1.0026717398059555,Spain
Brañas-Garza2021,Brañas-Garza et al. 2021,HL,455,21,0,3,0.9923602897510864,Spain
Brañas-Garza2021,Brañas-Garza et al. 2021,HL,456,21,0,2,0.6980706630367786,Spain
Brañas-Garza2021,Brañas-Garza et al. 2021,HL,457,20,1,2,0.7932650177832693,Spain
Brañas-Garza2021,Brañas-Garza et al. 2021,HL,458,22,1,4,2.0122839428437875,Spain
Brañas-Garza2021,Brañas-Garza et al. 2021,HL,459,40,1,4,1.5844553654245102,Spain
Brañas-Garza2021,Brañas-Garza et al. 2021,HL,460,21,0,0,-0.21,Spain
Brañas-Garza2021,Brañas-Garza et al. 2021,HL,461,21,1,5,2.6,Spain
Brañas-Garza2021,Brañas-Garza et al. 2021,HL,462,21,0,2,0.7517312398273498,Spain
Brañas-Garza2021,Brañas-Garza et al. 2021,HL,463,26,1,3,0.8412683351291343,Spain
Brañas-Garza2021,Brañas-Garza et al. 2021,HL,464,20,1,4,2.2193759214621966,Spain
Brañas-Garza2021,Brañas-Garza et al. 2021,HL,465,18,0,4,1.3170190790761263,Spain
Brañas-Garza2021,Brañas-Garza et al. 2021,HL,466,23,0,4,1.6027753883064726,Spain
Brañas-Garza2021,Brañas-Garza et al. 2021,HL,467,25,1,3,0.8650368625391275,Spain
Brañas-Garza2021,Brañas-Garza et al. 2021,HL,468,20,0,3,1.0294600452692249,Spain
Brañas-Garza2021,Brañas-Garza et al. 2021,HL,469,25,1,3,1.025728607363999,Spain
Brañas-Garza2021,Brañas-Garza et al. 2021,HL,470,20,1,4,1.3734409189294094,Spain
Brañas-Garza2021,Brañas-Garza et al. 2021,HL,471,19,1,3,0.9305906242271885,Spain
Brañas-Garza2021,Brañas-Garza et al. 2021,HL,472,32,1,1,0.3544467405509204,Spain
Brañas-Garza2021,Brañas-Garza et al. 2021,HL,473,22,0,3,0.9023302198410965,Spain
Brañas-Garza2021,Brañas-Garza et al. 2021,HL,474,19,1,1,0.4742703280621209,Spain
Brañas-Garza2021,Brañas-Garza et al. 2021,HL,475,18,1,2,0.8151416459679603,Spain
Brañas-Garza2021,Brañas-Garza et al. 2021,HL,476,21,0,2,0.7248907357547432,Spain
